Date,InvoNo,CustomerKey,amount
20180402,AP1805390,A0352,352
20180402,AP1801199,A1162,352
20180403,AP1800992,A1293,352
20180403,AP1805425,A1331,352
20180403,AP1808197,A1401,352
20180404,AP1804193,A0746,352
20180405,AP1806158,A0464,352
20180405,AP1804796,A0720,352
20180406,AP1806175,A0951,352
20180406,AP1800836,A1216,352
20180409,AP1801654,A1316,352
20180411,AP1804632,A1369,352
20180411,AP1800734,A1360,352
20180412,AP1805742,A0458,352
20180413,AP1801422,A0705,352
20180413,AP1801115,A0715,352
20180416,AP1802192,A1102,352
20180416,AP1806576,A0679,352
20180417,AP1804844,A1329,352
20180419,AP1804093,A0495,352
20180423,AP1803963,A1387,352
20180425,AP1806681,A1371,352
20180425,AP1802060,A1360,352
20180426,AP1802742,A0504,352
20180426,AP1806233,A0432,352
20180427,AP1805193,A1092,352
20180430,AP1808734,A1164,352
20180501,MA1806569,A0559,352
20180502,MA1803527,A1125,352
20180502,MA1800084,A1130,352
20180502,MA1800432,A0576,352
20180504,MA1804206,A1257,352
20180507,MA1801511,A0802,352
20180509,MA1808656,A0354,352
20180509,MA1808297,A1248,352
20180509,MA1803262,A0704,352
20180510,MA1801973,A1408,352
20180511,MA1807020,A0841,352
20180511,MA1803125,A0921,352
20180514,MA1806164,A1065,352
20180514,MA1806696,A1153,352
20180514,MA1805172,A0660,352
20180515,MA1805204,A0943,352
20180516,MA1803046,A1190,352
20180517,MA1808050,A1285,352
20180518,MA1806442,A1215,352
20180521,MA1803695,A0610,352
20180521,MA1804102,A1397,352
20180521,MA1805847,A1046,352
20180521,MA1806045,A1265,352
20180521,MA1801592,A0473,352
20180521,MA1805762,A1144,352
20180522,MA1806791,A0846,352
20180523,MA1803496,A1279,352
20180523,MA1808923,A0629,352
20180524,MA1806329,A0410,352
20180525,MA1803638,A0633,352
20180528,MA1801279,A0375,352
20180528,MA1808649,A0994,352
20180530,MA1806482,A0816,352
20180530,MA1807319,A0686,352
20180531,MA1807664,A1054,352
20180601,JU1801259,A1311,352
20180604,JU1807674,A1216,352
20180604,JU1800725,A0445,352
20180605,JU1805772,A1214,352
20180605,JU1802569,A0989,352
20180605,JU1802105,A1002,352
20180605,JU1805418,A1265,352
20180607,JU1800711,A1103,352
20180608,JU1808588,A0707,352
20180608,JU1806312,A1059,352
20180608,JU1800773,A0961,352
20180608,JU1801030,A0444,352
20180608,JU1800099,A0463,352
20180612,JU1808942,A1147,352
20180612,JU1802617,A1120,352
20180614,JU1808349,A0702,352
20180614,JU1804524,A0454,352
20180615,JU1808873,A0824,352
20180615,JU1809329,A0586,352
20180618,JU1805933,A0507,352
20180619,JU1807307,A1270,352
20180619,JU1805854,A0927,352
20180619,JU1807778,A0878,352
20180620,JU1807013,A0696,352
20180621,JU1803116,A0350,352
20180625,JU1803990,A0884,352
20180626,JU1804888,A0897,352
20180628,JU1800662,A0946,352
20180628,JU1807855,A1100,352
20180629,JU1805817,A1193,352
20180801,AU1801381,A0637,352
20180802,AU1803970,A0881,352
20180802,AU1805686,A0963,352
20180803,AU1805128,A1068,352
20180803,AU1804287,A1076,352
20180806,AU1807995,A0884,352
20180807,AU1804042,A1018,352
20180807,AU1808978,A1062,352
20180809,AU1802398,A0703,352
20180809,AU1804639,A0972,352
20180810,AU1801988,A0422,352
20180810,AU1805768,A0686,352
20180810,AU1801366,A1112,352
20180810,AU1801873,A0879,352
20180810,AU1804740,A1009,352
20180813,AU1802677,A0815,352
20180816,AU1805104,A1181,352
20180816,AU1808574,A1062,352
20180817,AU1803160,A1128,352
20180817,AU1800345,A0941,352
20180817,AU1808333,A0428,352
20180822,AU1807843,A0877,352
20180822,AU1808556,A1369,352
20180824,AU1803852,A0701,352
20180824,AU1807873,A1332,352
20180824,AU1801683,A0576,352
20180829,AU1802514,A0764,352
20180903,SE1806088,A1179,352
20180903,SE1809337,A1110,352
20180904,SE1806100,A1115,352
20180904,SE1803907,A0744,352
20180905,SE1809091,A0791,352
20180905,SE1804068,A1186,352
20180905,SE1803079,A1346,352
20180905,SE1803601,A1232,352
20180906,SE1804034,A1367,352
20180907,SE1806778,A0522,352
20180907,SE1806726,A0503,352
20180911,SE1805460,A0355,352
20180911,SE1806131,A1232,352
20180913,SE1806515,A0945,352
20180914,SE1802743,A0684,352
20180917,SE1805467,A1076,352
20180918,SE1804288,A0815,352
20180918,SE1807627,A0643,352
20180918,SE1801484,A0472,352
20180919,SE1808961,A0833,352
20180920,SE1804713,A1309,352
20180920,SE1801856,A0754,352
20180921,SE1808177,A0462,352
20180924,SE1806927,A0763,352
20180925,SE1807563,A0457,352
20180926,SE1804433,A0919,352
20180926,SE1803753,A0659,352
20180402,AP1803827,A1067,880
20180404,AP1807305,A1133,880
20180405,AP1806145,A0464,880
20180405,AP1808187,A0949,880
20180406,AP1800269,A0961,880
20180406,AP1801477,A1212,880
20180410,AP1808060,A1165,880
20180411,AP1806802,A0852,880
20180413,AP1804780,A0471,880
20180416,AP1807762,A1092,880
20180416,AP1807314,A0480,880
20180417,AP1809169,A0356,880
20180417,AP1803129,A0431,880
20180417,AP1800833,A1068,880
20180423,AP1803579,A0514,880
20180423,AP1805469,A1068,880
20180424,AP1805194,A0529,880
20180425,AP1804330,A1132,880
20180427,AP1801768,A0578,880
20180501,MA1808684,A0696,880
20180502,MA1803780,A1153,880
20180503,MA1804172,A0803,880
20180504,MA1806874,A0852,880
20180504,MA1801705,A0670,880
20180507,MA1808375,A0946,880
20180509,MA1808792,A1215,880
20180509,MA1804316,A1123,880
20180511,MA1808806,A1011,880
20180514,MA1805763,A0673,880
20180515,MA1801864,A0427,880
20180515,MA1806324,A0826,880
20180516,MA1806138,A1319,880
20180522,MA1804593,A0913,880
20180523,MA1805173,A1241,880
20180523,MA1800220,A1270,880
20180524,MA1806643,A0686,880
20180524,MA1803495,A0881,880
20180525,MA1800349,A1227,880
20180528,MA1802026,A1226,880
20180529,MA1808374,A0356,880
20180530,MA1802369,A1000,880
20180531,MA1801595,A0701,880
20180531,MA1806872,A0513,880
20180531,MA1807138,A1271,880
20180607,JU1806274,A0951,880
20180607,JU1800095,A1260,880
20180608,JU1803553,A1058,880
20180611,JU1807356,A0578,880
20180611,JU1801967,A1067,880
20180612,JU1806396,A0953,880
20180613,JU1809051,A1299,880
20180615,JU1801124,A0505,880
20180619,JU1802726,A1214,880
20180620,JU1802331,A0671,880
20180621,JU1804937,A0835,880
20180626,JU1807637,A0464,880
20180626,JU1803375,A0749,880
20180627,JU1801589,A1229,880
20180628,JU1804549,A1300,880
20180628,JU1803649,A0792,880
20180628,JU1807246,A0582,880
20180628,JU1803973,A1225,880
20180629,JU1804350,A0561,880
20180629,JU1807736,A0530,880
20180801,AU1803757,A0821,880
20180802,AU1808480,A1139,880
20180802,AU1808472,A0842,880
20180803,AU1800003,A1209,880
20180806,AU1802783,A1054,880
20180806,AU1808457,A1378,880
20180807,AU1800224,A0659,880
20180807,AU1800459,A0828,880
20180807,AU1805487,A1406,880
20180808,AU1804963,A0642,880
20180808,AU1807272,A0977,880
20180809,AU1807299,A1226,880
20180813,AU1807447,A0542,880
20180814,AU1807896,A1130,880
20180816,AU1801904,A0798,880
20180816,AU1808707,A0593,880
20180817,AU1803029,A1255,880
20180817,AU1806022,A0586,880
20180817,AU1808413,A0462,880
20180820,AU1801337,A0815,880
20180821,AU1805192,A1278,880
20180821,AU1805972,A0893,880
20180828,AU1806465,A0632,880
20180828,AU1805050,A0470,880
20180829,AU1806678,A1079,880
20180830,AU1808479,A0681,880
20180903,SE1805190,A1284,880
20180903,SE1809108,A1402,880
20180903,SE1801164,A0559,880
20180904,SE1805508,A1188,880
20180905,SE1808478,A0640,880
20180905,SE1806316,A0496,880
20180907,SE1800286,A1278,880
20180907,SE1800237,A0557,880
20180910,SE1802529,A0660,880
20180911,SE1800154,A0745,880
20180911,SE1807986,A0445,880
20180912,SE1807617,A1348,880
20180914,SE1802490,A1164,880
20180918,SE1803349,A0856,880
20180919,SE1805046,A0470,880
20180920,SE1806215,A0880,880
20180920,SE1804289,A1226,880
20180920,SE1805611,A0892,880
20180924,SE1804331,A1132,880
20180924,SE1803514,A0365,880
20180924,SE1803628,A0835,880
20180925,SE1807850,A1208,880
20180925,SE1804163,A0704,880
20181005,OC1809249,A0534,880
20180402,AP1805349,A0861,704
20180402,AP1806345,A1130,704
20180403,AP1801518,A0548,704
20180403,AP1806403,A1079,704
20180403,AP1806346,A0610,704
20180406,AP1808856,A1138,704
20180410,AP1804724,A0643,704
20180410,AP1806916,A0781,704
20180411,AP1806520,A1337,704
20180417,AP1802265,A0458,704
20180418,AP1800405,A1054,704
20180418,AP1805320,A0708,704
20180420,AP1808822,A0429,704
20180420,AP1807361,A0925,704
20180420,AP1804576,A0933,704
20180424,AP1803689,A0847,704
20180424,AP1803821,A0432,704
20180424,AP1809044,A0762,704
20180424,AP1802960,A1270,704
20180425,AP1802628,A0863,704
20180426,AP1801603,A1305,704
20180427,AP1806864,A1142,704
20180501,MA1807366,A0522,704
20180502,MA1808633,A0943,704
20180504,MA1808217,A1221,704
20180504,MA1804190,A1055,704
20180507,MA1803831,A0649,704
20180507,MA1807224,A0369,704
20180508,MA1802909,A0422,704
20180508,MA1802014,A1193,704
20180509,MA1807115,A0498,704
20180509,MA1800302,A0655,704
20180510,MA1805548,A0952,704
20180515,MA1808023,A1030,704
20180516,MA1800871,A1369,704
20180518,MA1805749,A0861,704
20180518,MA1802364,A1089,704
20180521,MA1801558,A0629,704
20180521,MA1804384,A1011,704
20180522,MA1807084,A1029,704
20180522,MA1804166,A1162,704
20180523,MA1803167,A0467,704
20180523,MA1807286,A0542,704
20180524,MA1805199,A0761,704
20180524,MA1805557,A1163,704
20180525,MA1801117,A0660,704
20180529,MA1806171,A0881,704
20180529,MA1806400,A0557,704
20180531,MA1801633,A1163,704
20180531,MA1806445,A1058,704
20180601,JU1808983,A1131,704
20180604,JU1805646,A1142,704
20180606,JU1802456,A0906,704
20180607,JU1807924,A0760,704
20180608,JU1802122,A1338,704
20180608,JU1801082,A0369,704
20180611,JU1802061,A0517,704
20180612,JU1807497,A1416,704
20180613,JU1805408,A0506,704
20180614,JU1808326,A0408,704
20180620,JU1803660,A0802,704
20180622,JU1807517,A0643,704
20180625,JU1803168,A0666,704
20180625,JU1807777,A0838,704
20180625,JU1806265,A0942,704
20180627,JU1808458,A0853,704
20180730,JU1806071,A0661,704
20180806,AU1802928,A0798,704
20180806,AU1806911,A0506,704
20180806,AU1805692,A0480,704
20180807,AU1803992,A0480,704
20180809,AU1807691,A1163,704
20180810,AU1801471,A0749,704
20180813,AU1802758,A0399,704
20180814,AU1808740,A0965,704
20180817,AU1803293,A0528,704
20180820,AU1802078,A1272,704
20180822,AU1806746,A0949,704
20180822,AU1807280,A1316,704
20180822,AU1807745,A0710,704
20180823,AU1808536,A0799,704
20180824,AU1800659,A0529,704
20180827,AU1807561,A1146,704
20180827,AU1805060,A0879,704
20180827,AU1807211,A1358,704
20180827,AU1803451,A1410,704
20180827,AU1803633,A1270,704
20180827,AU1801755,A0444,704
20180828,AU1807936,A0791,704
20180904,SE1805531,A0672,704
20180904,SE1803225,A1164,704
20180905,SE1802852,A1360,704
20180905,SE1808937,A1142,704
20180906,SE1808803,A0867,704
20180906,SE1803299,A0415,704
20180907,SE1803134,A1137,704
20180907,SE1809038,A1305,704
20180913,SE1803048,A0542,704
20180918,SE1808275,A0706,704
20180918,SE1805633,A0542,704
20180919,SE1800942,A1409,704
20180920,SE1805136,A0487,704
20180921,SE1805388,A0472,704
20180921,SE1801909,A1225,704
20180925,SE1808759,A1113,704
20180927,SE1807711,A0660,704
20180927,SE1805437,A1307,704
20180927,SE1803201,A1333,704
20181003,OC1800121,A0952,704
20180402,AP1807543,A0578,440
20180403,AP1800170,A1211,440
20180403,AP1804136,A0576,440
20180404,AP1807700,A1350,440
20180404,AP1801588,A0601,440
20180405,AP1807831,A1385,440
20180406,AP1808347,A0703,440
20180409,AP1802107,A0961,440
20180410,AP1807950,A1297,440
20180412,AP1805672,A1178,440
20180416,AP1806423,A0705,440
20180419,AP1805706,A1161,440
20180419,AP1803481,A0531,440
20180420,AP1807452,A0542,440
20180423,AP1803027,A1372,440
20180423,AP1801043,A0842,440
20180423,AP1803078,A0583,440
20180424,AP1803690,A0815,440
20180424,AP1802561,A0944,440
20180430,AP1802498,A1169,440
20180430,AP1804175,A0892,440
20180501,MA1805422,A0431,440
20180502,MA1800148,A0401,440
20180509,MA1804756,A1345,440
20180514,MA1801776,A1159,440
20180515,MA1808070,A0949,440
20180515,MA1801829,A1067,440
20180517,MA1804715,A0726,440
20180518,MA1804223,A1057,440
20180522,MA1801900,A0387,440
20180529,MA1804865,A0431,440
20180529,MA1801101,A0763,440
20180530,MA1804146,A1265,440
20180530,MA1807733,A1187,440
20180531,MA1808639,A1265,440
20180601,JU1808970,A1390,440
20180604,JU1804421,A1221,440
20180604,JU1802121,A0454,440
20180604,JU1801161,A1225,440
20180605,JU1809251,A0643,440
20180606,JU1803398,A1100,440
20180608,JU1805649,A1204,440
20180608,JU1800442,A0616,440
20180613,JU1804205,A0389,440
20180613,JU1803214,A0693,440
20180614,JU1807900,A0603,440
20180614,JU1804505,A0988,440
20180618,JU1809156,A0610,440
20180618,JU1806613,A0557,440
20180619,JU1800625,A1381,440
20180622,JU1807790,A1323,440
20180625,JU1800073,A1050,440
20180626,JU1800119,A1184,440
20180627,JU1804786,A0659,440
20180628,JU1801928,A0903,440
20180802,AU1800515,A0915,440
20180802,AU1804213,A1295,440
20180802,AU1808826,A1214,440
20180803,AU1806918,A0552,440
20180806,AU1804003,A0881,440
20180808,AU1803786,A0781,440
20180809,AU1802914,A0419,440
20180810,AU1808611,A1203,440
20180813,AU1807184,A0982,440
20180814,AU1801920,A1331,440
20180814,AU1800354,A0529,440
20180814,AU1800547,A0826,440
20180814,AU1807502,A0821,440
20180814,AU1809138,A1305,440
20180817,AU1807549,A0377,440
20180817,AU1803347,A1215,440
20180820,AU1801187,A0822,440
20180822,AU1807269,A0473,440
20180822,AU1804099,A0893,440
20180823,AU1802045,A0744,440
20180823,AU1807572,A0703,440
20180824,AU1803858,A1358,440
20180824,AU1802923,A0681,440
20180828,AU1807781,A1337,440
20180829,AU1803610,A1415,440
20180830,AU1805300,A1178,440
20180830,AU1807581,A0567,440
20180904,SE1808242,A0893,440
20180905,SE1802925,A1255,440
20180906,SE1802843,A0494,440
20180907,SE1805943,A0932,440
20180913,SE1803255,A1193,440
20180914,SE1807779,A0705,440
20180914,SE1805957,A1313,440
20180914,SE1801100,A0810,440
20180917,SE1809352,A1237,440
20180919,SE1803419,A0724,440
20180921,SE1802634,A0569,440
20180921,SE1802639,A1100,440
20180921,SE1800460,A0583,440
20180924,SE1802596,A1182,440
20180924,SE1807868,A0429,440
20180926,SE1807056,A1101,440
20180927,SE1804484,A0954,440
20180927,SE1800824,A0801,440
20180404,AP1802812,A0487,176
20180405,AP1804623,A0830,176
20180412,AP1801650,A0990,176
20180418,AP1801178,A0747,88
20180419,AP1805120,A1282,176
20180419,AP1802169,A0929,176
20180423,AP1800535,A1014,176
20180424,AP1808823,A0806,176
20180425,AP1801789,A0695,176
20180425,AP1807540,A1264,176
20180430,AP1804216,A0422,88
20180510,MA1800863,A0905,176
20180511,MA1805035,A0531,88
20180514,MA1807675,A0350,88
20180517,MA1803968,A1146,176
20180517,MA1801120,A0724,88
20180517,MA1806582,A0801,176
20180517,MA1805417,A0963,176
20180518,MA1805453,A0850,88
20180524,MA1801521,A0497,176
20180525,MA1807697,A0665,88
20180528,MA1806031,A0446,176
20180528,MA1807508,A1316,176
20180528,MA1803284,A0660,176
20180529,MA1805640,A0789,176
20180606,JU1802701,A1240,176
20180608,JU1801225,A1110,176
20180614,JU1802263,A0472,176
20180614,JU1801392,A0943,88
20180615,JU1800293,A0547,88
20180618,JU1805210,A1282,176
20180619,JU1808608,A1056,176
20180620,JU1806729,A0937,176
20180622,JU1807962,A1120,176
20180625,JU1803562,A0418,176
20180625,JU1804903,A1265,176
20180626,JU1802978,A0635,88
20180627,JU1800054,A1188,176
20180629,JU1804710,A0961,88
20180629,JU1805909,A0954,176
20180807,AU1807019,A0670,88
20180808,AU1800707,A0647,176
20180808,AU1802920,A0764,176
20180808,AU1808820,A0659,176
20180809,AU1809371,A1108,176
20180810,AU1800083,A1120,176
20180817,AU1808350,A1181,176
20180817,AU1806830,A0369,176
20180820,AU1805922,A0937,176
20180824,AU1807012,A0453,88
20180828,AU1807764,A0403,88
20180829,AU1808221,A0438,176
20180904,SE1804654,A0542,176
20180905,SE1808819,A1343,176
20180910,SE1800454,A0353,176
20180911,SE1800574,A1062,176
20180911,SE1803268,A0419,176
20180914,SE1802088,A0605,176
20180914,SE1800649,A1201,176
20180917,SE1800841,A1181,88
20180917,SE1807904,A0792,176
20180921,SE1800194,A0836,176
20180924,SE1804760,A0813,176
20180924,SE1807057,A0428,176
20180928,SE1803599,A0516,176
20181001,OC1809042,A0781,88
20180109,JA1805677,A1058,88
20180112,JA1800829,A0581,176
20180117,JA1803111,A0547,176
20180119,JA1802756,A0798,176
20180122,JA1800117,A1017,176
20180122,JA1807151,A1360,176
20180123,JA1804393,A1333,88
20180130,JA1807336,A0640,176
20180130,JA1805990,A0987,88
20180201,FE1806090,A1103,176
20180202,FE1804949,A0789,176
20180205,FE1808194,A1230,176
20180212,FE1800801,A0609,88
20180212,FE1805313,A1228,176
20180213,FE1802535,A1142,88
20180215,FE1808168,A1188,176
20180219,FE1803722,A0883,88
20180221,FE1801274,A1100,88
20180223,FE1809054,A1282,176
20180227,FE1808028,A0665,176
20180228,FE1801675,A1144,176
20180228,FE1807092,A1257,176
20181105,NO1806610,A0990,88
20181107,NO1803043,A1187,88
20181115,NO1806654,A1312,176
20181116,NO1802572,A0515,176
20181119,NO1801851,A1271,176
20181120,NO1806845,A0987,176
20181121,NO1800458,A0607,176
20181126,NO1800701,A0903,176
20181126,NO1808155,A0761,176
20181128,NO1807453,A0556,88
20181203,DE1801448,A1139,176
20181204,DE1800406,A0582,88
20181204,DE1807816,A0891,176
20181205,DE1801701,A1240,88
20181206,DE1802294,A1164,176
20181207,DE1807442,A0887,88
20181211,DE1808033,A0353,88
20181213,DE1800684,A1387,176
20181214,DE1807239,A0493,88
20181218,DE1804052,A0512,88
20181221,DE1802172,A0880,176
20180102,JA1802973,A1371,440
20180103,JA1801416,A0799,440
20180104,JA1803326,A1353,440
20180108,JA1804303,A1301,440
20180110,JA1801003,A0422,440
20180111,JA1803899,A0414,440
20180112,JA1805974,A0471,440
20180115,JA1803771,A1277,440
20180116,JA1806704,A0746,440
20180117,JA1801083,A0356,440
20180118,JA1800116,A0806,440
20180119,JA1805550,A0897,440
20180123,JA1808871,A0870,440
20180123,JA1800305,A0890,440
20180123,JA1806065,A1167,440
20180124,JA1805178,A0928,440
20180124,JA1802340,A0357,440
20180125,JA1806183,A1035,440
20180126,JA1803829,A0743,440
20180129,JA1800969,A0704,440
20180131,JA1803603,A0690,440
20180202,FE1807290,A0387,440
20180202,FE1801300,A1225,440
20180205,FE1800715,A1239,440
20180207,FE1803070,A1133,440
20180207,FE1804077,A0530,440
20180207,FE1809047,A1240,440
20180207,FE1802518,A0531,440
20180208,FE1805335,A1142,440
20180214,FE1808147,A1307,440
20180215,FE1808785,A1331,440
20180215,FE1802279,A0473,440
20180220,FE1801709,A0763,440
20180221,FE1806169,A1118,440
20180222,FE1807970,A0393,440
20180222,FE1801614,A0632,440
20180222,FE1803920,A1413,440
20180226,FE1809364,A0982,440
20180227,FE1805629,A0720,440
20180228,FE1802731,A1297,440
20180228,FE1800482,A1163,440
20180301,MA1808382,A1195,440
20180301,MA1808132,A1178,440
20181102,NO1805652,A0716,440
20181105,NO1801134,A0548,440
20181107,NO1803671,A1162,440
20181108,NO1801770,A0824,440
20181109,NO1803213,A0611,440
20181112,NO1808912,A0978,440
20181113,NO1803770,A1313,440
20181115,NO1803988,A1343,440
20181115,NO1803132,A0463,440
20181115,NO1807100,A1002,440
20181119,NO1802893,A0587,440
20181119,NO1803789,A0407,440
20181120,NO1805158,A1186,440
20181121,NO1802064,A0731,440
20181203,DE1800543,A0470,440
20181205,DE1805461,A1020,440
20181206,DE1808817,A0582,440
20181210,DE1801249,A0464,440
20181211,DE1804526,A0743,440
20181211,DE1801068,A0883,440
20181213,DE1807434,A1410,440
20181218,DE1806402,A0965,440
20181219,DE1807722,A0633,440
20181220,DE1802673,A0695,440
20181220,DE1806835,A1332,440
20181220,DE1804959,A0574,440
20181221,DE1804105,A1286,440
20181224,DE1808644,A0385,440
20181227,DE1803405,A1371,440
20181228,DE1806063,A1409,440
20181231,DE1807236,A0372,440
20190101,JA1906514,A0531,440
20190101,JA1901506,A0426,440
20180101,JA1805774,A1336,704
20180102,JA1803143,A1181,704
20180102,JA1808583,A1323,704
20180104,JA1805669,A1085,704
20180109,JA1802853,A1341,704
20180109,JA1801827,A1306,704
20180110,JA1802616,A1167,704
20180111,JA1800247,A0519,704
20180112,JA1807016,A1137,704
20180112,JA1806146,A1197,704
20180116,JA1805554,A1314,704
20180118,JA1807131,A1226,704
20180119,JA1808175,A1343,704
20180123,JA1801438,A0385,704
20180124,JA1802718,A0763,704
20180124,JA1808732,A0557,704
20180126,JA1807755,A0575,704
20180131,JA1802314,A0463,704
20180201,FE1804797,A0574,704
20180202,FE1803493,A0657,704
20180202,FE1800456,A0582,704
20180206,FE1803653,A0859,704
20180207,FE1808805,A1116,704
20180208,FE1808318,A0987,704
20180212,FE1802452,A1057,704
20180212,FE1809172,A0761,704
20180212,FE1801738,A0493,704
20180213,FE1802097,A0863,704
20180213,FE1802110,A0724,704
20180216,FE1804609,A0474,704
20180223,FE1804934,A0821,704
20180223,FE1806982,A0629,704
20180223,FE1801881,A0472,704
20180228,FE1807228,A1292,704
20181101,NO1801122,A0880,704
20181101,NO1807054,A0503,704
20181101,NO1800897,A1197,704
20181102,NO1805097,A0835,704
20181102,NO1801657,A0632,704
20181102,NO1806566,A0587,704
20181102,NO1804516,A0943,704
20181106,NO1802741,A0881,704
20181107,NO1802600,A0905,704
20181107,NO1804667,A0497,704
20181108,NO1806309,A0667,704
20181108,NO1804351,A0353,704
20181114,NO1804428,A0544,704
20181115,NO1806731,A0625,704
20181116,NO1804546,A0923,704
20181116,NO1805739,A0665,704
20181116,NO1800952,A1146,704
20181119,NO1805259,A0531,704
20181123,NO1802109,A1240,704
20181123,NO1802260,A1338,704
20181126,NO1800963,A0949,704
20181127,NO1800201,A1411,704
20181127,NO1809182,A0993,704
20181128,NO1800899,A1178,704
20181129,NO1801604,A1278,704
20181130,NO1804829,A0569,704
20181130,NO1809233,A1089,704
20181203,DE1809102,A0512,704
20181204,DE1800924,A1211,704
20181205,DE1801396,A1286,704
20181211,DE1805024,A1058,704
20181211,DE1804702,A0930,704
20181213,DE1800067,A0947,704
20181213,DE1808067,A1038,704
20181217,DE1804951,A1390,704
20181218,DE1800613,A1311,704
20181218,DE1808675,A0371,704
20181221,DE1805840,A0833,704
20181224,DE1807208,A0446,704
20181225,DE1808498,A0581,704
20181231,DE1809006,A1323,704
20180103,JA1800785,A1146,880
20180108,JA1807557,A1130,880
20180110,JA1806049,A0369,880
20180111,JA1805015,A1350,880
20180116,JA1802846,A0654,880
20180116,JA1807621,A0941,880
20180119,JA1800064,A0913,880
20180119,JA1805376,A1334,880
20180123,JA1807210,A0903,880
20180123,JA1803732,A0907,880
20180125,JA1803131,A0997,880
20180126,JA1803342,A0403,880
20180129,JA1802614,A0744,880
20180202,FE1807391,A1138,880
20180205,FE1801942,A0534,880
20180205,FE1802238,A1123,880
20180205,FE1801426,A0995,880
20180206,FE1800597,A1113,880
20180206,FE1805366,A1170,880
20180207,FE1806007,A1063,880
20180207,FE1805138,A1307,880
20180207,FE1804001,A0504,880
20180209,FE1807031,A1124,880
20180209,FE1806168,A0665,880
20180215,FE1806301,A0808,880
20180216,FE1807404,A1401,880
20180216,FE1800449,A0906,880
20180216,FE1807852,A0686,880
20180216,FE1808135,A0880,880
20180216,FE1805524,A0357,880
20180219,FE1808409,A0879,880
20180221,FE1805981,A1306,880
20180222,FE1801810,A1162,880
20180222,FE1808527,A1345,880
20180223,FE1802337,A1002,880
20180223,FE1801006,A0815,880
20180227,FE1806752,A0427,880
20180228,FE1802397,A0531,880
20181030,OC1801402,A1236,880
20181031,OC1805177,A0486,880
20181101,NO1808249,A0934,880
20181106,NO1807064,A0952,880
20181107,NO1807490,A0816,880
20181116,NO1806370,A0382,880
20181119,NO1805678,A0762,880
20181120,NO1806779,A0482,880
20181120,NO1803714,A1197,880
20181122,NO1804827,A1039,880
20181122,NO1805360,A0418,880
20181123,NO1804503,A0512,880
20181123,NO1808596,A1036,880
20181126,NO1800981,A0785,880
20181126,NO1805860,A0603,880
20181127,NO1805330,A0863,880
20181129,NO1802745,A1152,880
20181129,NO1802541,A0914,880
20181129,NO1801291,A1226,880
20181130,NO1802396,A0463,880
20181203,DE1809265,A1178,880
20181203,DE1803659,A0431,880
20181204,DE1803684,A0523,880
20181205,DE1803437,A1265,880
20181205,DE1807863,A1020,880
20181206,DE1804975,A1360,880
20181211,DE1802361,A0853,880
20181218,DE1802816,A0495,880
20181218,DE1805085,A0629,880
20181218,DE1804909,A1415,880
20181219,DE1805902,A0531,880
20181221,DE1807535,A1270,880
20181224,DE1808688,A1290,880
20181224,DE1804353,A0578,880
20181225,DE1804767,A1413,880
20181226,DE1808039,A1412,880
20181227,DE1807345,A1142,880
20181227,DE1807248,A0547,880
20181227,DE1800560,A1333,880
20190101,JA1908774,A1301,880
20190101,JA1904214,A1221,880
20190102,JA1904613,A0781,880
20180104,JA1806944,A1269,352
20180105,JA1802375,A0629,352
20180105,JA1800606,A0350,352
20180108,JA1803161,A0552,352
20180108,JA1808380,A0431,352
20180108,JA1809287,A0893,352
20180110,JA1806351,A1255,352
20180110,JA1802359,A0982,352
20180112,JA1802094,A0918,352
20180115,JA1800938,A0887,352
20180116,JA1808800,A0986,352
20180116,JA1802200,A1067,352
20180116,JA1802721,A1163,352
20180118,JA1803589,A1079,352
20180118,JA1804600,A0811,352
20180118,JA1807993,A1202,352
20180122,JA1805022,A1412,352
20180122,JA1802494,A0497,352
20180123,JA1804828,A0478,352
20180123,JA1803093,A1161,352
20180123,JA1801834,A1002,352
20180124,JA1808487,A0496,352
20180125,JA1809212,A0853,352
20180129,JA1805448,A1208,352
20180129,JA1808029,A0350,352
20180130,JA1805873,A1186,352
20180130,JA1805221,A0657,352
20180202,FE1806480,A0743,352
20180205,FE1806452,A0458,352
20180206,FE1807996,A0665,352
20180206,FE1807431,A1254,352
20180208,FE1802414,A0655,352
20180209,FE1803118,A1297,352
20180212,FE1804512,A0826,352
20180216,FE1801883,A1325,352
20180219,FE1806597,A1164,352
20180220,FE1804237,A1226,352
20180221,FE1801949,A0385,352
20180221,FE1805655,A0377,352
20180222,FE1807595,A0445,352
20180226,FE1803559,A0799,352
20180226,FE1806724,A0930,352
20181029,OC1808798,A1312,352
20181106,NO1802093,A1056,352
20181106,NO1800549,A1050,352
20181107,NO1808920,A0701,352
20181107,NO1808804,A1334,352
20181112,NO1805918,A1334,352
20181113,NO1803504,A1337,352
20181114,NO1809124,A0952,352
20181115,NO1808953,A0871,352
20181115,NO1807326,A1193,352
20181116,NO1803744,A0903,352
20181119,NO1803490,A0743,352
20181120,NO1802401,A0427,352
20181122,NO1803657,A0643,352
20181127,NO1808047,A0771,352
20181127,NO1804594,A0867,352
20181129,NO1802612,A0709,352
20181129,NO1805711,A1277,352
20181129,NO1802708,A1014,352
20181203,DE1808263,A0495,352
20181204,DE1804939,A0771,352
20181204,DE1807514,A1286,352
20181205,DE1801480,A0743,352
20181205,DE1803103,A0512,352
20181205,DE1805624,A0513,352
20181211,DE1804663,A1162,352
20181212,DE1807555,A0513,352
20181212,DE1802953,A0798,352
20181213,DE1801289,A1353,352
20181213,DE1805908,A0801,352
20181218,DE1807352,A1292,352
20181219,DE1800886,A1120,352
20181219,DE1809217,A0944,352
20181219,DE1803382,A1251,352
20181221,DE1805438,A0998,352
20181224,DE1809277,A1015,352
20181224,DE1802644,A1055,352
20181224,DE1805569,A1215,352
20181224,DE1806344,A0890,352
20181224,DE1807955,A1202,352
20181225,DE1802384,A0879,352
20181225,DE1804043,A0587,352
20181226,DE1803489,A0693,352
20181226,DE1803972,A1331,352
20181226,DE1802155,A1064,352
20181227,DE1807668,A0987,352
20181227,DE1804915,A1228,352
20181228,DE1802411,A0530,352
20190101,JA1906828,A1406,352
20190101,JA1900792,A1076,352
20190103,JA1907647,A0864,352
20190104,JA1908614,A0982,352
20180226,FE1801807,A0922,440
20180301,MA1802838,A0559,704
20180301,MA1808229,A0802,352
20180301,MA1805143,A0906,880
20180301,MA1809153,A0993,440
20180302,MA1807407,A0542,440
20180305,MA1806546,A0456,176
20180305,MA1808696,A0987,880
20180305,MA1802698,A1318,352
20180305,MA1801601,A0799,704
20180305,MA1808123,A0660,440
20180305,MA1802961,A1214,440
20180306,MA1801753,A0670,880
20180306,MA1806079,A0578,352
20180307,MA1809222,A0697,704
20180307,MA1803059,A1215,704
20180307,MA1808500,A0760,440
20180307,MA1807330,A1285,352
20180307,MA1800747,A0421,704
20180308,MA1807027,A0610,880
20180308,MA1807219,A1308,440
20180308,MA1807169,A0880,352
20180308,MA1801163,A1212,352
20180308,MA1800077,A0918,352
20180309,MA1801921,A0470,880
20180309,MA1808095,A1215,704
20180309,MA1805748,A1416,352
20180312,MA1800239,A0560,704
20180312,MA1802475,A0761,880
20180312,MA1802336,A0459,440
20180312,MA1805433,A0574,352
20180313,MA1802990,A0407,440
20180313,MA1803328,A1108,704
20180313,MA1808057,A1240,440
20180313,MA1803249,A0708,352
20180313,MA1801476,A1357,352
20180313,MA1804238,A1031,880
20180314,MA1806954,A1229,704
20180315,MA1803840,A0552,880
20180315,MA1808735,A1343,352
20180316,MA1800916,A1027,352
20180316,MA1800071,A0890,440
20180316,MA1801273,A0495,880
20180316,MA1802525,A1101,352
20180319,MA1808461,A0830,704
20180319,MA1808170,A1206,704
20180319,MA1800533,A0627,88
20180319,MA1807923,A1030,880
20180320,MA1803775,A0798,880
20180320,MA1808286,A0927,440
20180321,MA1805562,A0497,704
20180321,MA1801369,A0826,352
20180321,MA1803064,A0531,704
20180321,MA1805343,A0792,352
20180321,MA1805117,A1232,352
20180321,MA1804614,A0992,440
20180322,MA1805539,A1167,704
20180322,MA1804231,A0519,440
20180322,MA1807074,A1419,880
20180322,MA1806317,A1334,880
20180322,MA1804347,A0530,352
20180322,MA1807918,A0464,352
20180322,MA1805052,A1100,880
20180322,MA1807400,A1095,440
20180323,MA1808914,A0993,176
20180323,MA1804700,A0916,88
20180323,MA1800129,A1163,440
20180323,MA1808009,A1286,440
20180323,MA1802605,A1132,352
20180326,MA1801797,A0795,880
20180326,MA1807518,A0379,880
20180326,MA1808591,A0991,704
20180326,MA1800516,A0657,352
20180326,MA1802134,A1409,440
20180326,MA1803144,A0679,880
20180327,MA1808206,A0864,704
20180329,MA1809305,A1002,440
20180329,MA1808765,A0630,88
20180329,MA1800668,A0746,440
20180329,MA1803751,A0408,440
20180330,MA1807841,A1182,704
20180330,MA1805384,A0574,352
20180330,MA1807249,A1243,880
20180330,MA1803421,A1332,352
20180330,MA1805887,A0632,88
20181001,OC1808061,A0436,176
20181001,OC1804404,A0781,352
20181002,OC1804183,A1307,440
20181002,OC1808988,A0763,440
20181003,OC1809009,A1034,352
20181003,OC1807949,A1181,352
20181003,OC1806813,A1285,440
20181003,OC1808048,A1332,352
20181004,OC1801035,A1257,704
20181004,OC1807217,A1240,440
20181004,OC1808466,A0903,880
20181004,OC1804375,A0670,880
20181005,OC1805729,A0745,352
20181005,OC1807333,A1116,352
20181005,OC1806457,A0472,880
20181008,OC1807876,A0938,352
20181008,OC1802955,A0684,440
20181009,OC1804873,A1135,704
20181009,OC1800180,A0799,176
20181009,OC1802559,A1002,704
20181009,OC1804325,A0660,440
20181009,OC1801591,A1420,704
20181009,OC1808299,A1020,440
20181010,OC1802898,A1385,352
20181010,OC1806564,A0863,704
20181010,OC1801489,A0506,176
20181010,OC1806395,A1236,440
20181010,OC1801977,A1058,352
20181011,OC1807851,A1119,176
20181011,OC1804161,A1139,440
20181011,OC1803322,A0659,704
20181011,OC1804254,A1225,440
20181011,OC1800155,A0708,704
20181011,OC1808436,A1237,176
20181012,OC1800539,A1144,880
20181012,OC1806925,A1100,440
20181012,OC1808842,A0716,880
20181012,OC1803778,A0811,352
20181012,OC1804701,A1076,880
20181015,OC1802578,A0667,704
20181015,OC1804823,A1272,880
20181015,OC1806051,A1138,352
20181015,OC1807331,A0738,704
20181015,OC1800772,A1237,352
20181016,OC1808015,A0800,440
20181016,OC1802299,A0547,440
20181016,OC1808975,A1326,704
20181016,OC1809066,A1065,704
20181016,OC1803016,A1297,440
20181017,OC1806218,A0578,352
20181017,OC1808743,A0633,880
20181017,OC1807551,A0512,440
20181017,OC1803760,A0738,352
20181018,OC1809282,A0742,440
20181018,OC1800638,A1212,880
20181018,OC1805621,A1085,880
20181018,OC1806455,A0883,880
20181018,OC1804087,A0496,176
20181018,OC1800713,A0802,352
20181019,OC1806701,A0393,440
20181019,OC1800336,A0993,704
20181019,OC1802907,A1302,440
20181019,OC1806775,A0520,88
20181019,OC1802653,A0428,704
20181019,OC1800231,A0574,880
20181019,OC1800671,A0994,704
20181022,OC1808309,A0616,176
20181022,OC1800856,A0897,440
20181022,OC1806629,A0415,704
20181022,OC1803791,A0528,352
20181022,OC1801144,A0464,704
20181023,OC1803595,A0472,440
20181023,OC1806204,A0502,352
20181023,OC1801970,A1416,880
20181023,OC1808385,A1329,88
20181023,OC1804529,A0531,352
20181023,OC1802185,A0785,880
20181024,OC1801356,A1397,440
20181024,OC1803408,A1382,880
20181024,OC1806214,A0380,352
20181024,OC1806786,A1415,440
20181024,OC1803104,A1161,704
20181024,OC1803847,A1413,352
20181025,OC1804071,A1077,352
20181025,OC1808081,A1216,352
20181025,OC1808399,A0994,704
20181026,OC1808606,A1304,880
20181026,OC1802957,A0934,352
20181026,OC1802669,A0457,352
20181029,OC1801173,A1390,176
20181029,OC1801472,A1323,880
20181029,OC1808495,A0981,704
20181029,OC1809052,A1302,704
20181029,OC1800930,A1095,176
20181029,OC1803556,A1057,880
20181029,OC1805080,A0530,880
20181029,OC1800997,A0799,880
20181029,OC1805505,A0529,440
20181030,OC1808456,A0903,440
20181030,OC1808552,A0542,704
20181030,OC1803067,A0552,880
20181031,OC1808867,A1136,880
20181031,OC1804367,A1242,440
20180702,JU1809297,A0418,352
20180702,JU1804200,A0937,440
20180702,JU1807128,A1076,440
20180702,JU1800069,A0943,440
20180703,JU1808174,A1057,352
20180703,JU1804293,A0512,352
20180703,JU1804843,A1230,352
20180703,JU1801319,A0438,88
20180703,JU1802576,A1360,176
20180703,JU1801730,A1257,704
20180703,JU1803049,A0737,880
20180704,JU1807797,A1287,880
20180704,JU1804535,A0679,704
20180704,JU1804060,A0641,880
20180704,JU1801641,A0760,440
20180704,JU1805571,A0819,88
20180704,JU1807714,A1307,352
20180704,JU1801424,A0915,704
20180704,JU1802282,A0993,88
20180704,JU1800819,A0763,440
20180705,JU1808940,A0937,704
20180705,JU1802113,A1203,352
20180705,JU1809331,A1288,352
20180705,JU1801468,A0427,352
20180705,JU1808925,A1120,352
20180705,JU1806011,A1270,440
20180706,JU1805072,A1366,704
20180706,JU1808680,A1226,352
20180706,JU1804750,A1338,176
20180706,JU1807882,A0578,352
20180706,JU1804862,A1173,176
20180706,JU1802937,A0399,352
20180706,JU1804429,A0890,880
20180709,JU1803877,A0647,352
20180709,JU1803121,A0893,880
20180709,JU1807061,A0853,440
20180709,JU1807507,A1323,352
20180709,JU1800628,A0703,88
20180709,JU1800147,A1332,352
20180710,JU1807394,A0935,440
20180710,JU1805938,A0494,352
20180710,JU1800088,A0803,440
20180710,JU1803484,A1258,88
20180710,JU1808595,A0743,176
20180710,JU1805781,A1159,880
20180711,JU1808005,A0610,880
20180711,JU1801345,A0571,440
20180711,JU1807731,A0630,880
20180711,JU1807780,A1204,440
20180711,JU1802861,A0906,704
20180711,JU1805294,A0534,88
20180711,JU1803477,A1176,440
20180712,JU1800430,A1237,176
20180712,JU1808528,A0906,704
20180712,JU1808730,A0862,352
20180712,JU1806319,A1290,704
20180713,JU1802328,A1065,704
20180713,JU1803287,A1098,440
20180716,JU1801250,A1370,352
20180717,JU1802939,A1300,176
20180717,JU1802425,A1243,880
20180717,JU1806471,A0459,352
20180717,JU1805101,A0411,352
20180718,JU1803886,A0943,880
20180718,JU1806194,A0706,880
20180718,JU1801129,A1153,880
20180718,JU1807903,A1419,880
20180718,JU1805225,A0377,352
20180718,JU1804348,A0627,352
20180719,JU1806887,A1387,880
20180719,JU1805614,A0529,704
20180719,JU1807409,A1193,352
20180720,JU1802738,A1118,176
20180720,JU1801362,A1320,352
20180720,JU1808893,A0850,352
20180720,JU1805773,A1136,176
20180720,JU1807455,A0773,352
20180720,JU1801386,A1277,88
20180723,JU1803019,A1014,880
20180723,JU1804017,A1054,440
20180723,JU1800738,A0704,352
20180723,JU1805242,A1300,176
20180725,JU1805186,A0930,880
20180726,JU1802174,A0585,880
20180726,JU1807758,A1415,880
20180727,JU1803345,A0852,176
20180727,JU1801990,A0716,176
20180727,JU1804387,A1164,440
20180727,JU1806930,A0977,880
20180727,JU1805432,A1367,352
20180727,JU1803344,A0513,704
20180727,JU1806956,A1265,704
20180727,JU1805324,A0382,352
20180730,JU1802116,A1197,176
20180731,JU1805283,A1076,440
20180731,JU1807930,A0972,440
20180731,JU1805218,A0683,352
20180731,JU1807856,A1013,352
20180731,JU1804424,A0808,880
20180731,JU1800676,A0480,352
20180731,JU1809032,A0505,704
20180731,JU1804284,A0559,880
20180731,JU1806161,A0422,352
20180102,JA1805166,A0544,2200
20180103,JA1807681,A1360,4224
20180126,JA1808301,A1415,10560
20180130,JA1800244,A0880,5280
20180209,FE1809326,A1226,10560
20180215,FE1803020,A0920,4224
20180215,FE1809339,A1226,10560
20180219,FE1808184,A1415,4224
20180220,FE1804047,A1278,4224
20180222,FE1809219,A0760,10560
20180222,FE1807226,A0471,10560
20180227,FE1802681,A0640,4224
20180228,FE1807908,A1406,4224
20180228,FE1800383,A1230,4224
20180301,MA1806385,A1381,5280
20180305,MA1805584,A1211,10560
20180307,MA1808315,A0881,5280
20180309,MA1804595,A1291,10560
20180313,MA1803085,A1215,4224
20180315,MA1805048,A0819,5280
20180321,MA1803851,A0795,4224
20180323,MA1805932,A0516,4224
20180326,MA1807576,A0350,5280
20180328,MA1808886,A1313,5280
20180330,MA1804266,A1150,5280
20180402,AP1807152,A1384,5280
20180405,AP1800312,A1114,4224
20180406,AP1800014,A1058,5280
20180409,AP1808898,A0990,5280
20180410,AP1800378,A1169,10560
20180410,AP1800382,A0473,5280
20180411,AP1801180,A1169,5280
20180417,AP1802757,A1381,5280
20180418,AP1807349,A0576,10560
20180423,AP1808832,A1208,4224
20180423,AP1806903,A0930,4224
20180423,AP1801858,A0762,4224
20180423,AP1800663,A0845,5280
20180424,AP1800832,A1387,10560
20180426,AP1804269,A1323,5280
20180507,MA1802407,A0470,5280
20180509,MA1800280,A0541,5280
20180510,MA1808775,A0993,5280
20180511,MA1806271,A1210,4224
20180511,MA1802586,A0945,5280
20180515,MA1801896,A1338,5280
20180516,MA1808433,A1152,10560
20180517,MA1801160,A0412,4224
20180518,MA1800103,A0819,4224
20180522,MA1804388,A0990,5280
20180525,MA1801795,A1147,4224
20180529,MA1805419,A0375,10560
20180530,MA1805014,A0989,4224
20180531,MA1807788,A0531,4224
20180604,JU1804758,A0582,4224
20180605,JU1803522,A1095,4224
20180606,JU1805601,A1204,4224
20180607,JU1808342,A0701,5280
20180618,JU1809191,A0695,5280
20180619,JU1800388,A1191,4224
20180621,JU1802688,A1164,4224
20180628,JU1803834,A0811,5280
20180629,JU1807250,A0482,5280
20180704,JU1801242,A0561,5280
20180705,JU1809330,A1120,5280
20180713,JU1807828,A0701,4224
20180716,JU1805057,A1390,5280
20180718,JU1806914,A1031,10560
20180719,JU1800570,A1257,10560
20180723,JU1804015,A1072,5280
20180725,JU1800252,A0610,10560
20180726,JU1805771,A0493,5280
20180727,JU1806937,A1265,10560
20180731,JU1805055,A0592,5280
20180803,AU1800796,A1056,4224
20180808,AU1804815,A1369,4224
20180809,AU1808919,A1226,4224
20180814,AU1802195,A0641,10560
20180814,AU1806836,A0927,10560
20180817,AU1807264,A0754,5280
20180827,AU1807822,A0603,5280
20180829,AU1802471,A0879,10560
20180830,AU1800698,A1069,4224
20180831,AU1805874,A1142,10560
20180904,SE1808612,A0507,5280
20180905,SE1809238,A1412,5280
20180911,SE1803683,A0867,10560
20180912,SE1801395,A1062,5280
20180913,SE1808271,A0895,5280
20180913,SE1801146,A1241,5280
20180925,SE1802377,A0484,4224
20180925,SE1807176,A1373,4224
20181003,OC1809100,A1178,5280
20181004,OC1803857,A0846,4224
20181004,OC1800561,A1092,5280
20181005,OC1802747,A0972,10560
20181011,OC1804229,A1085,4224
20181012,OC1807213,A1054,10560
20181015,OC1803474,A1413,5280
20181016,OC1804566,A1152,5280
20181016,OC1808537,A0830,4224
20181018,OC1803087,A0953,4224
20181018,OC1807511,A1065,4224
20181022,OC1807842,A0830,5280
20181022,OC1806142,A0504,4224
20181022,OC1802689,A1403,4224
20181026,OC1806459,A1027,4224
20181026,OC1807847,A0927,4224
20181031,OC1802303,A0942,10560
20181031,OC1805581,A0720,10560
20181101,NO1807983,A0576,4224
20181101,NO1808718,A0708,10560
20181105,NO1800108,A1007,5280
20181107,NO1802974,A1276,4224
20181114,NO1806287,A0887,5280
20181116,NO1806672,A1336,5280
20181120,NO1802284,A0861,5280
20181122,NO1805582,A0786,5280
20181122,NO1800219,A1360,5280
20181130,NO1804302,A0530,4224
20181205,DE1808435,A0512,10560
20181210,DE1802072,A1406,10560
20181212,DE1801175,A1340,5280
20181212,DE1800716,A0471,4224
20181212,DE1808728,A1164,4224
20181213,DE1806565,A0611,4224
20181213,DE1807240,A1412,5280
20181213,DE1802574,A1410,5280
20181214,DE1808533,A1101,10560
20181214,DE1801816,A0477,4224
20181218,DE1803082,A0861,5280
20181219,DE1800360,A1410,5280
20181220,DE1804510,A0500,4224
20181221,DE1808162,A0892,4224
20181221,DE1805451,A0753,5280
20181221,DE1805222,A1413,5280
20181224,DE1803429,A1265,5280
20181226,DE1801691,A1232,4224
20180104,JA1804979,A1055,8800
20180104,JA1801927,A1305,8800
20180111,JA1801031,A0660,8800
20180112,JA1801449,A0655,8800
20180119,JA1809268,A1305,8800
20180124,JA1809343,A1353,8800
20180124,JA1803703,A0771,8800
20180129,JA1804487,A0932,8800
20180130,JA1802597,A1319,8800
20180201,FE1809214,A1202,8800
20180208,FE1803130,A1367,8800
20180209,FE1804612,A1397,8800
20180209,FE1800128,A0601,8800
20180221,FE1802291,A1208,8800
20180226,FE1800876,A1135,8800
20180309,MA1807544,A1316,8800
20180314,MA1808018,A0816,8800
20180315,MA1800422,A1282,8800
20180323,MA1806253,A1353,8800
20180327,MA1803605,A0424,8800
20180413,AP1802714,A1197,8800
20180416,AP1804157,A0716,8800
20180416,AP1808938,A0743,8800
20180416,AP1806877,A0438,8800
20180420,AP1804568,A0987,8800
20180423,AP1804186,A1227,8800
20180423,AP1808125,A0953,8800
20180423,AP1809357,A1277,8800
20180425,AP1805486,A1078,8800
20180425,AP1800678,A0789,8800
20180502,MA1800159,A0827,8800
20180502,MA1808283,A1329,8800
20180507,MA1805722,A0871,8800
20180517,MA1800946,A1292,8800
20180517,MA1806792,A0781,8800
20180518,MA1803184,A0666,8800
20180529,MA1802052,A0799,8800
20180605,JU1803212,A1202,8800
20180608,JU1801549,A1367,8800
20180608,JU1800017,A0907,8800
20180614,JU1807806,A1257,8800
20180621,JU1801501,A1285,8800
20180626,JU1805598,A0799,8800
20180703,JU1804247,A0867,8800
20180706,JU1805551,A0955,8800
20180710,JU1801690,A1072,8800
20180731,JU1803798,A0842,8800
20180801,AU1806314,A0893,8800
20180802,AU1806799,A0963,8800
20180809,AU1803565,A1390,8800
20180816,AU1804471,A1302,8800
20180823,AU1806255,A0949,8800
20180824,AU1807665,A0940,8800
20180827,AU1801570,A0982,8800
20180903,SE1802674,A0808,8800
20180903,SE1802222,A0493,8800
20180907,SE1806114,A0800,8800
20180918,SE1804224,A1215,8800
20180924,SE1801963,A0627,8800
20180925,SE1809379,A0457,8800
20181002,OC1803592,A1101,8800
20181012,OC1806336,A0411,8800
20181015,OC1801074,A1363,8800
20181018,OC1808239,A0438,8800
20181018,OC1800164,A1406,8800
20181022,OC1804956,A1228,8800
20181029,OC1801016,A0845,8800
20181102,NO1802447,A0610,8800
20181106,NO1807051,A0982,8800
20181106,NO1806226,A1358,8800
20181113,NO1801085,A0952,8800
20181114,NO1803188,A0945,8800
20181129,NO1804145,A1343,8800
20181207,DE1807946,A0953,8800
20181217,DE1801512,A1409,8800
20181221,DE1800874,A0763,8800
20181231,DE1808334,A1204,8800
20180102,JA1805359,A0799,3168
20180109,JA1808813,A0799,3168
20180117,JA1800840,A0815,3168
20180118,JA1803788,A1167,3168
20180118,JA1807255,A1240,3168
20180122,JA1807728,A1163,3168
20180130,JA1804518,A1353,3168
20180215,FE1803439,A0916,3168
20180215,FE1805412,A0781,3168
20180219,FE1801361,A0357,3168
20180222,FE1803397,A1077,3168
20180226,FE1809351,A0988,3168
20180305,MA1808360,A1420,3168
20180315,MA1807230,A0503,3168
20180316,MA1804898,A1079,3168
20180327,MA1800511,A0487,3168
20180327,MA1804000,A0404,3168
20180330,MA1806352,A1030,3168
20180403,AP1805270,A1257,3168
20180403,AP1803276,A1047,3168
20180411,AP1807622,A0835,3168
20180411,AP1809104,A1314,3168
20180412,AP1805625,A0693,3168
20180425,AP1800501,A0901,3168
20180426,AP1800310,A0944,3168
20180427,AP1808462,A1100,3168
20180501,MA1803256,A0713,3168
20180503,MA1800645,A0944,3168
20180510,MA1807862,A0377,3168
20180521,MA1800571,A0654,3168
20180528,MA1804964,A1130,3168
20180529,MA1808866,A1316,3168
20180530,MA1802007,A1413,3168
20180530,MA1805129,A1261,3168
20180607,JU1800718,A1085,3168
20180612,JU1806257,A0764,3168
20180613,JU1804540,A0916,3168
20180614,JU1802623,A1214,3168
20180626,JU1800235,A0493,3168
20180702,JU1802873,A1133,3168
20180711,JU1805132,A0731,3168
20180712,JU1805226,A0929,3168
20180720,JU1802495,A0916,3168
20180801,AU1804409,A1161,3168
20180816,AU1806377,A0952,3168
20180817,AU1803772,A0770,3168
20180822,AU1801879,A0907,3168
20180829,AU1800984,A0944,3168
20180830,AU1802833,A0846,3168
20180830,AU1809079,A0953,3168
20180903,SE1807017,A1114,3168
20180905,SE1801934,A1333,3168
20180906,SE1803667,A0742,3168
20180910,SE1804807,A0900,3168
20180910,SE1802129,A1076,3168
20180917,SE1800752,A0961,3168
20180919,SE1805892,A1062,3168
20180921,SE1808437,A0408,3168
20180928,SE1800197,A0506,3168
20180928,SE1807732,A0547,3168
20181001,OC1800975,A1183,3168
20181008,OC1802885,A1202,3168
20181012,OC1807666,A0718,3168
20181017,OC1801420,A0371,3168
20181024,OC1808878,A0923,3168
20181025,OC1804081,A1009,3168
20181026,OC1804551,A1285,3168
20181030,OC1806885,A0495,3168
20181030,OC1800384,A1410,3168
20181031,OC1804039,A0403,3168
20181107,NO1805907,A1412,3168
20181112,NO1806981,A1118,3168
20181116,NO1801231,A1252,3168
20181116,NO1808549,A1337,3168
20181122,NO1801405,A1305,3168
20181123,NO1801034,A0802,3168
20181123,NO1807482,A1265,3168
20181127,NO1800371,A0464,3168
20181210,DE1807512,A1159,3168
20181219,DE1805220,A0464,3168
20181221,DE1806867,A0463,3168
20181224,DE1808006,A1018,3168
20181224,DE1805754,A0616,3168
20180227,FE1808555,A1390,2112
20180305,MA1800427,A0615,2112
20180305,MA1806072,A1302,2112
20180306,MA1801922,A0880,2112
20180306,MA1804108,A0419,2112
20180309,MA1806365,A0944,2112
20180312,MA1806293,A0673,2112
20180312,MA1802211,A0764,2112
20180315,MA1809327,A0877,2112
20180315,MA1804504,A0607,2112
20180316,MA1808303,A1260,2112
20180319,MA1801377,A0514,2112
20180319,MA1807144,A1095,2112
20180320,MA1800622,A0777,2112
20180321,MA1808072,A1244,2112
20180321,MA1803530,A0931,2112
20180322,MA1801664,A1046,2112
20180323,MA1803254,A1068,2112
20180323,MA1800923,A0471,2112
20180327,MA1809040,A1217,2112
20180330,MA1806634,A0414,2112
20180704,JU1800493,A1125,2112
20180706,JU1801179,A0930,2112
20180709,JU1807910,A1318,2112
20180709,JU1805517,A0414,2112
20180711,JU1805871,A0438,2112
20180711,JU1801658,A0426,2112
20180711,JU1804869,A1085,2112
20180711,JU1809122,A1409,2112
20180711,JU1804171,A0428,2112
20180713,JU1807536,A0808,2112
20180716,JU1800212,A1406,2112
20180717,JU1804345,A0762,2112
20180717,JU1804624,A0587,2112
20180718,JU1800939,A0963,2112
20180723,JU1806228,A0629,2112
20180723,JU1805822,A0841,2112
20180723,JU1802719,A1116,2112
20180725,JU1802798,A0382,2112
20180726,JU1802202,A1134,2112
20180731,JU1800152,A1187,2112
20180731,JU1803062,A1208,2112
20181002,OC1803971,A0883,2112
20181003,OC1803174,A0431,2112
20181004,OC1805146,A0611,2112
20181004,OC1801684,A1003,2112
20181004,OC1802969,A0579,2112
20181011,OC1807568,A1388,2112
20181012,OC1801066,A0903,2112
20181012,OC1802049,A1274,2112
20181016,OC1800321,A1285,2112
20181019,OC1800733,A0438,2112
20181019,OC1802250,A1286,2112
20181022,OC1805282,A1095,2112
20181022,OC1804083,A0684,2112
20181024,OC1800820,A0887,2112
20181025,OC1808282,A0629,2112
20181025,OC1802959,A0745,2112
20181029,OC1801635,A0408,2112
20181029,OC1806339,A0472,2112
20181030,OC1805727,A0657,2112
20180101,JA1801197,A0786,2112
20180102,JA1806384,A0732,2112
20180104,JA1800499,A0382,2112
20180105,JA1805039,A0387,2112
20180105,JA1801710,A1230,2112
20180109,JA1803318,A1036,2112
20180112,JA1800105,A1103,2112
20180117,JA1805141,A1314,2112
20180117,JA1800895,A0720,2112
20180117,JA1806985,A0927,2112
20180118,JA1804103,A0665,2112
20180122,JA1808012,A1305,2112
20180123,JA1800651,A1036,2112
20180123,JA1802500,A0977,2112
20180124,JA1802035,A0511,2112
20180125,JA1806663,A0919,2112
20180126,JA1803619,A0799,2112
20180126,JA1800097,A0806,2112
20180129,JA1806207,A1302,2112
20180129,JA1807116,A1210,2112
20180131,JA1808266,A0722,2112
20180206,FE1801081,A1402,2112
20180206,FE1800358,A0881,2112
20180207,FE1807795,A1228,2112
20180207,FE1802555,A1257,2112
20180208,FE1806897,A1142,2112
20180208,FE1809180,A0616,2112
20180212,FE1800005,A1305,2112
20180213,FE1802895,A1129,2112
20180214,FE1804389,A0557,2112
20180215,FE1808741,A0824,2112
20180219,FE1801968,A0893,2112
20180219,FE1800175,A1202,2112
20180222,FE1808085,A1349,2112
20180223,FE1808152,A0824,2112
20180226,FE1800815,A0506,2112
20180227,FE1808627,A0747,2112
20180227,FE1805718,A1299,2112
20180301,MA1803444,A0720,2112
20181101,NO1808509,A0438,2112
20181101,NO1804317,A1215,2112
20181105,NO1805778,A0512,2112
20181106,NO1808008,A1003,2112
20181112,NO1802593,A1063,2112
20181114,NO1807346,A1412,2112
20181115,NO1806416,A1065,2112
20181115,NO1805447,A1270,2112
20181116,NO1808884,A0478,2112
20181119,NO1800799,A1202,2112
20181120,NO1802289,A0681,2112
20181122,NO1802349,A1100,2112
20181126,NO1802832,A1011,2112
20181127,NO1807608,A0503,2112
20181127,NO1803940,A0593,2112
20181129,NO1806633,A0517,2112
20181130,NO1800452,A1240,2112
20181130,NO1804711,A0531,2112
20181204,DE1806075,A0743,2112
20181204,DE1805319,A0385,2112
20181205,DE1800925,A0810,2112
20181206,DE1807090,A0800,2112
20181207,DE1802632,A0467,2112
20181207,DE1803367,A1072,2112
20181207,DE1806747,A0419,2112
20181210,DE1809227,A0747,2112
20181212,DE1803545,A1058,2112
20181213,DE1804761,A0906,2112
20181214,DE1805942,A0592,2112
20181219,DE1806189,A0513,2112
20181220,DE1807773,A1254,2112
20181220,DE1808395,A1225,2112
20181225,DE1802482,A1282,2112
20181226,DE1807898,A1129,2112
20181231,DE1801367,A0760,2112
20180403,AP1801060,A0601,2112
20180403,AP1803743,A0799,2112
20180405,AP1808388,A1362,2112
20180405,AP1802130,A1116,2112
20180406,AP1805600,A0356,2112
20180409,AP1800440,A0610,2112
20180410,AP1806820,A0352,2112
20180410,AP1803787,A1353,2112
20180412,AP1807203,A1334,2112
20180417,AP1805588,A0458,2112
20180419,AP1801877,A0514,2112
20180426,AP1807130,A1027,2112
20180430,AP1809298,A1100,2112
20180430,AP1804655,A1278,2112
20180501,MA1801185,A0817,2112
20180501,MA1809094,A0881,2112
20180502,MA1802132,A1176,2112
20180503,MA1804798,A1060,2112
20180503,MA1807273,A0716,2112
20180503,MA1806732,A1116,2112
20180504,MA1803028,A0625,2112
20180507,MA1802981,A1187,2112
20180509,MA1802558,A1090,2112
20180509,MA1800806,A1093,2112
20180509,MA1807530,A1007,2112
20180511,MA1802985,A1144,2112
20180514,MA1803561,A0457,2112
20180516,MA1801167,A1135,2112
20180517,MA1805049,A1412,2112
20180522,MA1809119,A1150,2112
20180522,MA1809209,A0910,2112
20180522,MA1805558,A1413,2112
20180522,MA1805642,A1406,2112
20180524,MA1807613,A1307,2112
20180524,MA1809206,A1167,2112
20180524,MA1800846,A1092,2112
20180525,MA1800540,A0878,2112
20180530,MA1800765,A1014,2112
20180601,JU1804676,A0800,2112
20180604,JU1809309,A1260,2112
20180604,JU1803383,A0438,2112
20180604,JU1800399,A0785,2112
20180604,JU1804596,A0453,2112
20180606,JU1807564,A0781,2112
20180606,JU1804485,A1236,2112
20180606,JU1800278,A1367,2112
20180611,JU1803914,A0431,2112
20180612,JU1800770,A0412,2112
20180613,JU1801814,A0701,2112
20180614,JU1804813,A1271,2112
20180614,JU1808163,A1240,2112
20180615,JU1805314,A1374,2112
20180619,JU1802247,A0742,2112
20180622,JU1803325,A0744,2112
20180625,JU1809295,A1338,2112
20180626,JU1807143,A0763,2112
20180629,JU1801915,A1007,2112
20180803,AU1800125,A0597,2112
20180803,AU1807454,A1149,2112
20180803,AU1800415,A0708,2112
20180807,AU1801964,A0880,2112
20180808,AU1803436,A1296,2112
20180808,AU1800290,A1403,2112
20180810,AU1806755,A1164,2112
20180814,AU1803257,A1226,2112
20180816,AU1804395,A0665,2112
20180817,AU1806590,A0611,2112
20180820,AU1808604,A0702,2112
20180820,AU1800284,A0987,2112
20180820,AU1802665,A0528,2112
20180821,AU1800993,A0861,2112
20180822,AU1806211,A0681,2112
20180823,AU1804379,A0816,2112
20180823,AU1808212,A0846,2112
20180827,AU1800029,A0466,2112
20180827,AU1802950,A1149,2112
20180827,AU1802754,A1038,2112
20180830,AU1802332,A0753,2112
20180830,AU1806141,A1101,2112
20180831,AU1807528,A0693,2112
20180831,AU1804210,A1370,2112
20180831,AU1803253,A1311,2112
20180906,SE1801232,A0943,2112
20180906,SE1801681,A0369,2112
20180910,SE1807885,A0952,2112
20180910,SE1802272,A0627,2112
20180911,SE1801412,A1124,2112
20180912,SE1802162,A0493,2112
20180913,SE1803507,A0982,2112
20180914,SE1806999,A1373,2112
20180919,SE1808966,A0725,2112
20180921,SE1804204,A1003,2112
20180924,SE1800988,A1240,2112
20180926,SE1809071,A0843,2112
20180928,SE1803609,A0801,2112
20180102,JA1808241,A0403,1232
20180102,JA1806618,A1345,1232
20180103,JA1805086,A1408,1232
20180104,JA1800364,A0739,1232
20180104,JA1802405,A0690,1232
20180104,JA1804764,A0880,1232
20180105,JA1807939,A0429,1232
20180108,JA1806580,A1193,1232
20180108,JA1800525,A1214,1232
20180111,JA1801380,A0741,1232
20180111,JA1801948,A1054,1232
20180112,JA1802998,A1009,1232
20180112,JA1807864,A1003,1232
20180115,JA1808841,A0371,1232
20180116,JA1801256,A1137,1232
20180119,JA1801889,A0472,1232
20180122,JA1808674,A1278,1232
20180123,JA1806430,A0915,1232
20180123,JA1804666,A1408,1232
20180125,JA1802922,A0708,1232
20180125,JA1808673,A1162,1232
20180126,JA1802774,A0915,1232
20180126,JA1802193,A0422,1232
20180126,JA1808897,A1403,1232
20180129,JA1808791,A0720,1232
20180131,JA1805689,A1341,1232
20180131,JA1807857,A0436,1232
20180201,FE1800070,A1308,1232
20180202,FE1801010,A0749,1232
20180202,FE1807545,A0380,1232
20180205,FE1809184,A1182,1232
20180205,FE1802725,A1387,1232
20180207,FE1807460,A0917,1232
20180208,FE1803938,A0945,1232
20180208,FE1806593,A0978,1232
20180209,FE1802141,A0796,1232
20180223,FE1801526,A0519,1232
20180223,FE1803873,A0792,1232
20180226,FE1809293,A0356,1232
20180226,FE1804861,A0716,1232
20180227,FE1805301,A0871,1232
20180228,FE1806685,A0798,1232
20181029,OC1801615,A0764,1232
20181101,NO1808250,A0420,1232
20181101,NO1803629,A1257,1232
20181102,NO1803878,A0665,1232
20181107,NO1808329,A1240,1232
20181108,NO1801000,A1055,1232
20181112,NO1801237,A1120,1232
20181113,NO1802938,A0632,1232
20181114,NO1805255,A0579,1232
20181114,NO1808928,A0990,1232
20181116,NO1804014,A0582,1232
20181120,NO1806332,A0504,1232
20181120,NO1805790,A1164,1232
20181121,NO1807470,A1302,1232
20181122,NO1803974,A1118,1232
20181122,NO1800726,A0791,1232
20181122,NO1804960,A0515,1232
20181126,NO1808503,A0837,1232
20181128,NO1804941,A0942,1232
20181128,NO1805684,A0428,1232
20181130,NO1809116,A0671,1232
20181203,DE1808134,A0478,1232
20181204,DE1807699,A0764,1232
20181205,DE1806066,A1228,1232
20181205,DE1805032,A1228,1232
20181207,DE1807365,A1336,1232
20181210,DE1805868,A1169,1232
20181212,DE1806167,A1381,1232
20181212,DE1805209,A0852,1232
20181213,DE1802659,A0754,1232
20181213,DE1802012,A0428,1232
20181217,DE1808153,A0557,1232
20181219,DE1803171,A0351,1232
20181220,DE1802705,A1313,1232
20181221,DE1805719,A0643,1232
20181221,DE1801112,A1216,1232
20181224,DE1800365,A0952,1232
20181224,DE1802019,A0921,1232
20181226,DE1804419,A0503,1232
20181228,DE1804328,A1408,1232
20181231,DE1801618,A0655,1232
20190101,JA1900569,A1067,1232
20190101,JA1904023,A1193,1232
20190102,JA1908426,A1079,1232
20180301,MA1801217,A0977,1232
20180302,MA1800025,A0660,1232
20180305,MA1806251,A1367,1232
20180305,MA1808944,A1055,1232
20180306,MA1806796,A0560,1232
20180307,MA1809239,A0942,1232
20180308,MA1804486,A0800,1232
20180308,MA1804845,A0445,1232
20180309,MA1805714,A1401,1232
20180312,MA1805690,A0452,1232
20180319,MA1805808,A0655,1232
20180319,MA1802167,A0422,1232
20180321,MA1808411,A0530,1232
20180327,MA1802114,A0380,1232
20180327,MA1806669,A1252,1232
20180327,MA1803554,A0720,1232
20180328,MA1800849,A1346,1232
20180328,MA1800985,A1282,1232
20180702,JU1800845,A1334,1232
20180702,JU1805165,A0798,1232
20180706,JU1800652,A0497,1232
20180706,JU1804324,A1181,1232
20180709,JU1801775,A0643,1232
20180710,JU1801980,A1215,1232
20180711,JU1802670,A0929,1232
20180711,JU1805683,A0438,1232
20180711,JU1804675,A1208,1232
20180712,JU1806490,A0923,1232
20180713,JU1807253,A0534,1232
20180717,JU1800236,A1407,1232
20180717,JU1802889,A1110,1232
20180717,JU1807520,A0853,1232
20180717,JU1804253,A1406,1232
20180718,JU1803384,A0422,1232
20180725,JU1805462,A1228,1232
20180726,JU1803615,A1181,1232
20180727,JU1804155,A0811,1232
20180731,JU1808265,A0459,1232
20181001,OC1804838,A0982,1232
20181001,OC1807041,A1202,1232
20181001,OC1803157,A1265,1232
20181004,OC1808425,A0895,1232
20181004,OC1806776,A0552,1232
20181008,OC1801063,A0708,1232
20181009,OC1807335,A0944,1232
20181010,OC1806856,A1069,1232
20181012,OC1804462,A0548,1232
20181015,OC1808400,A0880,1232
20181016,OC1801998,A0529,1232
20181016,OC1803239,A1094,1232
20181016,OC1802076,A0466,1232
20181017,OC1800909,A0372,1232
20181017,OC1807212,A1415,1232
20181019,OC1800822,A0607,1232
20181023,OC1809083,A0480,1232
20181023,OC1805846,A0387,1232
20181026,OC1804258,A0407,1232
20181030,OC1803191,A1333,1232
20181030,OC1808543,A1282,1232
20181101,NO1808189,A1164,1232
20180403,AP1802804,A0800,1232
20180403,AP1804846,A0918,1232
20180403,AP1800149,A1343,1232
20180404,AP1802449,A0853,1232
20180406,AP1802811,A1092,1232
20180406,AP1808354,A1332,1232
20180406,AP1808748,A0464,1232
20180409,AP1803454,A0665,1232
20180411,AP1803807,A1360,1232
20180412,AP1805331,A0464,1232
20180412,AP1802868,A0815,1232
20180413,AP1805753,A0593,1232
20180416,AP1804032,A0987,1232
20180416,AP1806025,A0791,1232
20180416,AP1801742,A1002,1232
20180416,AP1801905,A0808,1232
20180417,AP1804133,A1292,1232
20180417,AP1805033,A0515,1232
20180419,AP1801446,A0641,1232
20180419,AP1808010,A1092,1232
20180419,AP1808232,A1092,1232
20180419,AP1804035,A0802,1232
20180420,AP1805137,A1232,1232
20180423,AP1802453,A1152,1232
20180423,AP1800736,A0531,1232
20180425,AP1807148,A0661,1232
20180427,AP1804290,A0815,1232
20180430,AP1801743,A0597,1232
20180501,MA1806587,A0811,1232
20180501,MA1800746,A0493,1232
20180504,MA1807291,A1197,1232
20180507,MA1806843,A1092,1232
20180509,MA1802468,A0811,1232
20180515,MA1800243,A1348,1232
20180515,MA1802127,A0462,1232
20180516,MA1806782,A0504,1232
20180516,MA1803575,A0578,1232
20180522,MA1807879,A0629,1232
20180523,MA1805063,A0771,1232
20180524,MA1800151,A0887,1232
20180524,MA1803156,A1068,1232
20180525,MA1809117,A1374,1232
20180525,MA1806584,A1057,1232
20180529,MA1800488,A0739,1232
20180529,MA1808364,A0589,1232
20180604,JU1803140,A0641,1232
20180605,JU1800166,A0660,1232
20180606,JU1801713,A1285,1232
20180606,JU1803215,A1188,1232
20180607,JU1801634,A0808,1232
20180608,JU1804665,A0428,1232
20180611,JU1805701,A1091,1232
20180612,JU1800970,A1092,1232
20180613,JU1801047,A0703,1232
20180618,JU1802059,A1348,1232
20180619,JU1803461,A0852,1232
20180620,JU1806015,A0633,1232
20180620,JU1806449,A1216,1232
20180627,JU1808557,A0706,1232
20180628,JU1803192,A0693,1232
20180628,JU1800227,A1009,1232
20180629,JU1800352,A1057,1232
20180730,JU1800526,A0728,1232
20180803,AU1804792,A0559,1232
20180803,AU1800852,A0893,1232
20180810,AU1807821,A0828,1232
20180814,AU1801485,A0519,1232
20180814,AU1802050,A0412,1232
20180815,AU1800541,A1125,1232
20180815,AU1801966,A0673,1232
20180816,AU1808799,A0959,1232
20180816,AU1800616,A0701,1232
20180817,AU1804281,A0930,1232
20180821,AU1807414,A0627,1232
20180822,AU1806986,A1370,1232
20180822,AU1805256,A1363,1232
20180822,AU1808551,A1056,1232
20180823,AU1804722,A1129,1232
20180823,AU1803687,A0357,1232
20180824,AU1802504,A0797,1232
20180827,AU1804633,A0446,1232
20180830,AU1806868,A1216,1232
20180830,AU1806712,A0933,1232
20180831,AU1804985,A1252,1232
20180905,SE1805759,A0377,1232
20180906,SE1809015,A0701,1232
20180910,SE1805213,A1139,1232
20180911,SE1805023,A1113,1232
20180911,SE1807367,A0589,1232
20180912,SE1802968,A1320,1232
20180912,SE1802782,A0462,1232
20180913,SE1802592,A1243,1232
20180914,SE1801688,A1114,1232
20180914,SE1803650,A0944,1232
20180917,SE1802443,A1314,1232
20180918,SE1800019,A0552,1232
20180920,SE1800637,A0414,1232
20180920,SE1803994,A0630,1232
20180920,SE1806193,A1236,1232
20180920,SE1804577,A1062,1232
20180924,SE1805332,A0431,1232
20180925,SE1805989,A0480,1232
20180927,SE1805893,A0377,1232
20180928,SE1808638,A0963,1232
20180928,SE1808564,A0629,1232
20180103,JA1806249,A0887,1760
20180103,JA1804989,A1142,1760
20180105,JA1804414,A1375,1760
20180109,JA1809376,A1357,1760
20180111,JA1806632,A0607,1760
20180111,JA1800094,A0690,1760
20180111,JA1808226,A0952,1760
20180112,JA1805851,A0552,1760
20180112,JA1800380,A1285,1760
20180112,JA1803149,A0764,1760
20180117,JA1801155,A0629,1760
20180117,JA1806406,A1095,1760
20180118,JA1806883,A0963,1760
20180118,JA1804018,A0853,1760
20180118,JA1807505,A0916,1760
20180119,JA1803473,A1083,1760
20180119,JA1805083,A0813,1760
20180124,JA1806814,A0375,1760
20180125,JA1803033,A1162,1760
20180126,JA1806991,A0630,1760
20180129,JA1806690,A1260,1760
20180129,JA1806823,A0552,1760
20180129,JA1807527,A0607,1760
20180130,JA1805622,A0544,1760
20180131,JA1803611,A0640,1760
20180201,FE1803921,A0510,1760
20180201,FE1806415,A0915,1760
20180206,FE1804097,A1062,1760
20180206,FE1806585,A0629,1760
20180207,FE1804182,A0506,1760
20180212,FE1802543,A0760,1760
20180212,FE1803237,A1110,1760
20180214,FE1806500,A1403,1760
20180214,FE1801490,A0778,1760
20180214,FE1804107,A0771,1760
20180214,FE1801667,A0583,1760
20180219,FE1808131,A1348,1760
20180226,FE1807363,A1363,1760
20180227,FE1808892,A0903,1760
20180228,FE1808853,A0720,1760
20181101,NO1806054,A0494,1760
20181101,NO1800913,A1076,1760
20181105,NO1802554,A1039,1760
20181106,NO1807813,A0444,1760
20181106,NO1807029,A1293,1760
20181107,NO1802450,A0474,1760
20181108,NO1809318,A1386,1760
20181112,NO1802069,A1103,1760
20181113,NO1800784,A0510,1760
20181114,NO1805416,A1167,1760
20181115,NO1801064,A1130,1760
20181116,NO1802348,A0693,1760
20181116,NO1800308,A0942,1760
20181116,NO1800639,A0873,1760
20181119,NO1802866,A1161,1760
20181119,NO1803957,A1257,1760
20181120,NO1808441,A1241,1760
20181120,NO1805306,A0559,1760
20181121,NO1809314,A0633,1760
20181121,NO1807687,A1325,1760
20181121,NO1801841,A0655,1760
20181121,NO1807844,A0842,1760
20181122,NO1808890,A0445,1760
20181123,NO1806040,A0945,1760
20181126,NO1808176,A0615,1760
20181127,NO1800558,A0862,1760
20181130,NO1802319,A0994,1760
20181130,NO1804291,A0375,1760
20181203,DE1802123,A0785,1760
20181205,DE1804062,A1138,1760
20181206,DE1805520,A0684,1760
20181206,DE1806298,A0496,1760
20181210,DE1808330,A1072,1760
20181210,DE1807867,A1306,1760
20181211,DE1805121,A0726,1760
20181212,DE1805212,A0627,1760
20181213,DE1805151,A0648,1760
20181213,DE1804725,A0522,1760
20181214,DE1802197,A1055,1760
20181214,DE1807068,A0632,1760
20181217,DE1801162,A0742,1760
20181218,DE1801519,A0905,1760
20181219,DE1800528,A0512,1760
20181220,DE1801662,A1076,1760
20181224,DE1805073,A0593,1760
20181225,DE1808859,A0994,1760
20181226,DE1808636,A1159,1760
20181227,DE1805801,A0997,1760
20181227,DE1808811,A0982,1760
20181228,DE1805973,A1348,1760
20190103,JA1901631,A0679,1760
20190104,JA1907991,A0952,1760
20180301,MA1804185,A1390,1760
20180301,MA1807725,A1120,1760
20180302,MA1804561,A0673,1760
20180308,MA1802478,A0443,1760
20180308,MA1806485,A0694,1760
20180312,MA1805546,A1420,1760
20180313,MA1806420,A0542,1760
20180313,MA1803631,A0883,1760
20180316,MA1805758,A0673,1760
20180316,MA1801140,A1056,1760
20180319,MA1803924,A0389,1760
20180320,MA1800775,A1323,1760
20180321,MA1804858,A1345,1760
20180321,MA1804443,A0754,1760
20180322,MA1805920,A0480,1760
20180323,MA1804149,A0986,1760
20180323,MA1808473,A0673,1760
20180326,MA1809236,A0945,1760
20180326,MA1806581,A0877,1760
20180327,MA1805949,A0781,1760
20180328,MA1805884,A1240,1760
20180328,MA1801971,A1367,1760
20180329,MA1802261,A0377,1760
20180329,MA1802662,A1085,1760
20180330,MA1803673,A0964,1760
20180330,MA1806304,A1387,1760
20180702,JU1801128,A0412,1760
20180702,JU1804911,A0452,1760
20180704,JU1802692,A0718,1760
20180704,JU1805267,A0952,1760
20180709,JU1808750,A1305,1760
20180713,JU1804030,A0993,1760
20180716,JU1805685,A0987,1760
20180716,JU1804856,A0846,1760
20180717,JU1804110,A0673,1760
20180717,JU1807261,A1302,1760
20180717,JU1809013,A0695,1760
20180720,JU1807121,A1164,1760
20180720,JU1800870,A0496,1760
20180723,JU1809027,A0630,1760
20180724,JU1800794,A1229,1760
20180724,JU1802017,A0546,1760
20180724,JU1806275,A0690,1760
20180724,JU1808598,A1089,1760
20180724,JU1800242,A0383,1760
20180725,JU1806318,A0928,1760
20180726,JU1808757,A1004,1760
20180730,JU1803440,A0357,1760
20180730,JU1801528,A1313,1760
20180731,JU1800411,A0762,1760
20181002,OC1802764,A0458,1760
20181004,OC1801692,A0835,1760
20181005,OC1803868,A1230,1760
20181005,OC1805960,A0616,1760
20181009,OC1807427,A0937,1760
20181009,OC1806491,A0824,1760
20181010,OC1806467,A1215,1760
20181011,OC1803300,A0470,1760
20181012,OC1800455,A0587,1760
20181017,OC1806306,A1162,1760
20181017,OC1807952,A0419,1760
20181018,OC1809244,A0923,1760
20181018,OC1802324,A1228,1760
20181019,OC1800186,A1239,1760
20181019,OC1800101,A0819,1760
20181023,OC1806391,A1306,1760
20181024,OC1805064,A0684,1760
20181024,OC1807603,A0632,1760
20181025,OC1800245,A0474,1760
20181029,OC1804115,A0943,1760
20181031,OC1802251,A0693,1760
20181101,NO1805099,A1163,1760
20180402,AP1801224,A1291,1760
20180404,AP1807529,A1290,1760
20180406,AP1808861,A0547,1760
20180409,AP1808481,A1089,1760
20180409,AP1803025,A0744,1760
20180410,AP1808089,A1279,1760
20180413,AP1803950,A1208,1760
20180413,AP1807607,A0472,1760
20180413,AP1807708,A0821,1760
20180417,AP1802030,A0419,1760
20180418,AP1806658,A1375,1760
20180418,AP1806934,A1279,1760
20180418,AP1804509,A1188,1760
20180418,AP1805340,A0987,1760
20180418,AP1800079,A0464,1760
20180419,AP1800065,A0914,1760
20180420,AP1800270,A0515,1760
20180423,AP1806446,A1360,1760
20180425,AP1802711,A0352,1760
20180430,AP1805958,A0445,1760
20180430,AP1804126,A0486,1760
20180507,MA1809063,A0816,1760
20180507,MA1808149,A1232,1760
20180507,MA1803332,A1095,1760
20180508,MA1804920,A1015,1760
20180508,MA1803072,A1146,1760
20180511,MA1803719,A1226,1760
20180516,MA1801510,A1115,1760
20180517,MA1802712,A0375,1760
20180517,MA1802268,A0977,1760
20180518,MA1808148,A1261,1760
20180523,MA1800309,A1359,1760
20180523,MA1806698,A0771,1760
20180524,MA1801255,A1269,1760
20180524,MA1808120,A0504,1760
20180525,MA1802011,A0556,1760
20180525,MA1800538,A0635,1760
20180525,MA1801453,A0607,1760
20180528,MA1805970,A0937,1760
20180528,MA1807316,A1163,1760
20180530,MA1803602,A1412,1760
20180601,JU1801651,A0633,1760
20180604,JU1807469,A1137,1760
20180605,JU1806058,A0725,1760
20180606,JU1808030,A0704,1760
20180611,JU1807202,A0583,1760
20180611,JU1803480,A0380,1760
20180611,JU1801682,A0688,1760
20180611,JU1802912,A1163,1760
20180612,JU1804354,A0893,1760
20180612,JU1803241,A0411,1760
20180614,JU1802161,A1135,1760
20180618,JU1801866,A1228,1760
20180620,JU1809302,A0534,1760
20180620,JU1803826,A0994,1760
20180621,JU1808575,A0754,1760
20180621,JU1803670,A1302,1760
20180622,JU1801094,A1039,1760
20180628,JU1808751,A0931,1760
20180802,AU1804875,A0887,1760
20180806,AU1802103,A1176,1760
20180807,AU1807814,A0461,1760
20180809,AU1807678,A0881,1760
20180809,AU1807702,A1362,1760
20180810,AU1805896,A0943,1760
20180817,AU1808679,A0519,1760
20180821,AU1801544,A1151,1760
20180821,AU1804208,A0529,1760
20180822,AU1803776,A0453,1760
20180822,AU1805917,A0557,1760
20180829,AU1807206,A0611,1760
20180829,AU1800742,A1130,1760
20180830,AU1800385,A1047,1760
20180831,AU1807351,A0673,1760
20180903,SE1803550,A1101,1760
20180903,SE1808133,A0773,1760
20180904,SE1801835,A0965,1760
20180904,SE1804891,A0972,1760
20180904,SE1803685,A1142,1760
20180907,SE1802585,A0459,1760
20180910,SE1806966,A0528,1760
20180911,SE1802849,A0856,1760
20180911,SE1808631,A0578,1760
20180914,SE1809082,A0583,1760
20180918,SE1803224,A1036,1760
20180918,SE1807339,A1067,1760
20180918,SE1806606,A0830,1760
20180918,SE1802686,A0422,1760
20180919,SE1802067,A0997,1760
20180919,SE1807183,A0681,1760
20180919,SE1807513,A1413,1760
20180919,SE1808504,A0988,1760
20180921,SE1803845,A1299,1760
20180924,SE1808906,A1274,1760
20180925,SE1808922,A1201,1760
20180926,SE1803008,A0686,1760
20180926,SE1803374,A0632,1760
20180926,SE1803800,A0380,1760
20180927,SE1808252,A0703,1760
20180928,SE1801509,A0693,1760
20180928,SE1809003,A1299,1760
20180102,JA1808698,A0983,1056
20180104,JA1804885,A0798,1056
20180105,JA1808017,A0824,1056
20180110,JA1806428,A0365,1056
20180110,JA1805553,A0819,1056
20180110,JA1806519,A0616,1056
20180110,JA1801941,A1255,1056
20180111,JA1805696,A1408,1056
20180111,JA1808024,A1357,1056
20180111,JA1807136,A0399,1056
20180112,JA1808270,A1307,1056
20180115,JA1806725,A0659,1056
20180116,JA1806107,A0890,1056
20180117,JA1803668,A1060,1056
20180117,JA1809286,A0380,1056
20180117,JA1804346,A0355,1056
20180118,JA1804096,A1204,1056
20180118,JA1807884,A0422,1056
20180119,JA1809316,A0494,1056
20180122,JA1806474,A0927,1056
20180123,JA1801118,A1361,1056
20180123,JA1800940,A0422,1056
20180125,JA1806468,A0363,1056
20180126,JA1803991,A0459,1056
20180129,JA1800600,A0385,1056
20180129,JA1808829,A1334,1056
20180130,JA1804938,A0659,1056
20180201,FE1808773,A0643,1056
20180202,FE1805560,A0754,1056
20180205,FE1807368,A1202,1056
20180206,FE1808905,A0822,1056
20180207,FE1806899,A1183,1056
20180207,FE1800299,A0601,1056
20180207,FE1800124,A1193,1056
20180208,FE1806095,A0673,1056
20180208,FE1805030,A0505,1056
20180208,FE1800959,A0495,1056
20180209,FE1806621,A0990,1056
20180212,FE1806893,A0738,1056
20180212,FE1800211,A1168,1056
20180213,FE1804662,A1361,1056
20180214,FE1808788,A0726,1056
20180214,FE1805563,A0377,1056
20180214,FE1807663,A1297,1056
20180215,FE1800843,A1133,1056
20180215,FE1805656,A0452,1056
20180219,FE1807142,A0905,1056
20180220,FE1802242,A0601,1056
20180220,FE1803039,A1292,1056
20180221,FE1807399,A0589,1056
20180221,FE1806096,A1193,1056
20180222,FE1803196,A0435,1056
20180223,FE1807327,A0816,1056
20180223,FE1803948,A0835,1056
20180226,FE1803216,A1202,1056
20180226,FE1800013,A0686,1056
20180228,FE1808733,A0678,1056
20180228,FE1801659,A0994,1056
20180228,FE1806128,A0673,1056
20180301,MA1808600,A1204,1056
20180301,MA1803452,A0408,1056
20180302,MA1803395,A0716,1056
20181101,NO1802823,A1059,1056
20181101,NO1809158,A1419,1056
20181102,NO1809065,A0660,1056
20181105,NO1804709,A0743,1056
20181105,NO1801940,A0990,1056
20181106,NO1803409,A1163,1056
20181106,NO1805712,A1353,1056
20181106,NO1800531,A1139,1056
20181106,NO1802089,A1014,1056
20181108,NO1802761,A0643,1056
20181109,NO1803285,A0994,1056
20181109,NO1809099,A1338,1056
20181112,NO1801748,A1163,1056
20181113,NO1800729,A0565,1056
20181113,NO1808224,A0499,1056
20181114,NO1803841,A1142,1056
20181115,NO1809340,A1029,1056
20181115,NO1804855,A1419,1056
20181115,NO1806607,A0910,1056
20181116,NO1808714,A1030,1056
20181116,NO1807763,A1133,1056
20181119,NO1804339,A0875,1056
20181119,NO1804420,A1221,1056
20181120,NO1808445,A0715,1056
20181120,NO1806589,A0673,1056
20181120,NO1801907,A0897,1056
20181121,NO1806110,A1027,1056
20181121,NO1801718,A0541,1056
20181121,NO1802929,A0952,1056
20181121,NO1804688,A0422,1056
20181123,NO1804020,A0928,1056
20181123,NO1807357,A0708,1056
20181123,NO1808414,A0897,1056
20181126,NO1801647,A1325,1056
20181126,NO1801740,A1362,1056
20181126,NO1808887,A0842,1056
20181127,NO1803096,A0765,1056
20181127,NO1807165,A1007,1056
20181128,NO1805542,A1106,1056
20181128,NO1806556,A1089,1056
20181129,NO1807481,A0499,1056
20181130,NO1806851,A1102,1056
20181130,NO1803511,A1290,1056
20181203,DE1800033,A1362,1056
20181203,DE1803874,A0753,1056
20181203,DE1800451,A0905,1056
20181205,DE1801844,A1164,1056
20181206,DE1807937,A0355,1056
20181206,DE1808737,A0399,1056
20181207,DE1801044,A0681,1056
20181207,DE1807405,A0452,1056
20181207,DE1803666,A0873,1056
20181211,DE1802301,A1146,1056
20181211,DE1808711,A0922,1056
20181212,DE1806917,A0678,1056
20181212,DE1802735,A1239,1056
20181213,DE1807023,A1309,1056
20181213,DE1805205,A1169,1056
20181214,DE1803879,A1164,1056
20181214,DE1806749,A0557,1056
20181214,DE1809129,A0884,1056
20181217,DE1803617,A0764,1056
20181217,DE1806005,A0559,1056
20181217,DE1803596,A1181,1056
20181218,DE1803163,A1385,1056
20181219,DE1805407,A0433,1056
20181219,DE1806783,A0816,1056
20181219,DE1805126,A1036,1056
20181219,DE1806219,A0429,1056
20181219,DE1808098,A1116,1056
20181219,DE1801076,A1388,1056
20181220,DE1806653,A0415,1056
20181224,DE1805940,A0446,1056
20181224,DE1803643,A1230,1056
20181224,DE1806472,A0567,1056
20181225,DE1803702,A0864,1056
20181225,DE1804537,A0545,1056
20181226,DE1807877,A0481,1056
20181226,DE1800506,A0713,1056
20181226,DE1801764,A1401,1056
20181226,DE1802534,A0611,1056
20181227,DE1809084,A0422,1056
20181227,DE1801327,A1204,1056
20181231,DE1801182,A1345,1056
20181231,DE1807220,A0852,1056
20190101,JA1900530,A0920,1056
20190102,JA1903555,A1313,1056
20190102,JA1908412,A0879,1056
20180302,MA1805036,A1337,1056
20180302,MA1808454,A1329,1056
20180302,MA1805900,A0632,1056
20180302,MA1805639,A0459,1056
20180302,MA1808755,A0962,1056
20180305,MA1809081,A0544,1056
20180306,MA1807232,A1334,1056
20180307,MA1804630,A0879,1056
20180309,MA1805279,A0883,1056
20180309,MA1801606,A0764,1056
20180314,MA1808981,A0934,1056
20180314,MA1800232,A0529,1056
20180314,MA1803928,A1214,1056
20180315,MA1807542,A1230,1056
20180316,MA1805676,A0920,1056
20180319,MA1807146,A1108,1056
20180319,MA1807694,A1193,1056
20180321,MA1805833,A0870,1056
20180321,MA1802015,A0795,1056
20180321,MA1804857,A0686,1056
20180322,MA1805356,A1333,1056
20180323,MA1805215,A0808,1056
20180323,MA1807793,A1201,1056
20180327,MA1803190,A0708,1056
20180327,MA1801041,A1002,1056
20180327,MA1802908,A0887,1056
20180327,MA1804641,A0419,1056
20180327,MA1802817,A0933,1056
20180328,MA1803537,A1210,1056
20180328,MA1807077,A0737,1056
20180328,MA1807109,A0932,1056
20180328,MA1804252,A1395,1056
20180329,MA1801576,A0395,1056
20180329,MA1800566,A0952,1056
20180330,MA1802643,A0382,1056
20180330,MA1807522,A1153,1056
20181001,OC1802198,A1371,1056
20181002,OC1807450,A0399,1056
20181005,OC1803034,A1129,1056
20181005,OC1800995,A0459,1056
20181005,OC1804944,A0429,1056
20181008,OC1803400,A1167,1056
20181009,OC1805858,A0436,1056
20181009,OC1803700,A0761,1056
20181011,OC1807463,A0356,1056
20181011,OC1803071,A0388,1056
20181012,OC1802505,A0738,1056
20181012,OC1804280,A0643,1056
20181015,OC1802546,A1215,1056
20181016,OC1806539,A1020,1056
20181017,OC1807458,A1130,1056
20181018,OC1805984,A1357,1056
20181019,OC1800781,A0422,1056
20181022,OC1800778,A1292,1056
20181022,OC1805202,A0657,1056
20181022,OC1802602,A1079,1056
20181024,OC1801811,A1067,1056
20181024,OC1807403,A0641,1056
20181025,OC1805341,A0412,1056
20181025,OC1801229,A0408,1056
20181026,OC1805297,A1054,1056
20181026,OC1800545,A1313,1056
20181026,OC1803228,A1313,1056
20181029,OC1808325,A0486,1056
20181030,OC1807390,A0738,1056
20181031,OC1809204,A0536,1056
20181031,OC1805170,A1030,1056
20181031,OC1801233,A1211,1056
20181031,OC1804337,A1311,1056
20180702,JU1806181,A1240,1056
20180703,JU1807705,A0764,1056
20180704,JU1801123,A1345,1056
20180704,JU1800894,A0988,1056
20180705,JU1801219,A0648,1056
20180709,JU1807605,A0640,1056
20180709,JU1805092,A0517,1056
20180710,JU1802710,A1271,1056
20180711,JU1806020,A0877,1056
20180711,JU1809280,A1302,1056
20180711,JU1803494,A0601,1056
20180712,JU1807919,A1137,1056
20180713,JU1804314,A0852,1056
20180716,JU1808578,A1360,1056
20180716,JU1803692,A0830,1056
20180717,JU1800060,A0989,1056
20180717,JU1800313,A1271,1056
20180718,JU1801494,A0949,1056
20180718,JU1804413,A1088,1056
20180720,JU1804120,A0467,1056
20180723,JU1804978,A0704,1056
20180723,JU1803745,A1100,1056
20180724,JU1804877,A0943,1056
20180724,JU1804441,A0593,1056
20180725,JU1800680,A1013,1056
20180725,JU1802206,A1285,1056
20180726,JU1800296,A1091,1056
20180726,JU1808223,A1413,1056
20180730,JU1801052,A0616,1056
20180731,JU1807047,A1253,1056
20180731,JU1803180,A0907,1056
20180731,JU1800697,A0686,1056
20180803,AU1802252,A1410,1056
20180402,AP1800417,A1184,1056
20180403,AP1803591,A1265,1056
20180403,AP1803817,A0387,1056
20180403,AP1806657,A0861,1056
20180403,AP1803937,A0436,1056
20180405,AP1807448,A1260,1056
20180405,AP1800601,A1346,1056
20180405,AP1805783,A0351,1056
20180405,AP1800026,A0387,1056
20180406,AP1805174,A0352,1056
20180409,AP1803747,A0943,1056
20180411,AP1800521,A1032,1056
20180411,AP1808584,A1129,1056
20180411,AP1800603,A1153,1056
20180411,AP1809377,A0380,1056
20180417,AP1804084,A0610,1056
20180417,AP1806361,A0513,1056
20180417,AP1805076,A0724,1056
20180418,AP1801328,A1397,1056
20180418,AP1806132,A0731,1056
20180420,AP1802636,A1280,1056
20180420,AP1804622,A0743,1056
20180423,AP1802627,A0602,1056
20180423,AP1805784,A0994,1056
20180427,AP1807676,A0665,1056
20180427,AP1802184,A1305,1056
20180502,MA1801774,A1367,1056
20180503,MA1807734,A0640,1056
20180503,MA1802762,A0892,1056
20180504,MA1804634,A0408,1056
20180504,MA1808183,A0773,1056
20180508,MA1808228,A1237,1056
20180508,MA1804199,A0792,1056
20180509,MA1807313,A0704,1056
20180509,MA1800878,A0963,1056
20180510,MA1800654,A0471,1056
20180514,MA1804692,A1035,1056
20180515,MA1800848,A0371,1056
20180515,MA1801757,A0519,1056
20180515,MA1803713,A1065,1056
20180517,MA1808296,A0886,1056
20180517,MA1802464,A1128,1056
20180518,MA1802362,A1063,1056
20180521,MA1808298,A1089,1056
20180522,MA1801211,A0545,1056
20180522,MA1804057,A0633,1056
20180522,MA1808173,A1092,1056
20180523,MA1801773,A1187,1056
20180523,MA1800636,A1161,1056
20180524,MA1805168,A0602,1056
20180524,MA1806772,A1120,1056
20180528,MA1805702,A0466,1056
20180528,MA1808269,A1408,1056
20180528,MA1804644,A0811,1056
20180528,MA1807649,A0937,1056
20180529,MA1808397,A1047,1056
20180529,MA1807739,A0480,1056
20180530,MA1808703,A1153,1056
20180530,MA1806504,A0655,1056
20180530,MA1802982,A1226,1056
20180530,MA1807934,A0745,1056
20180601,JU1801993,A1297,1056
20180601,JU1803820,A0743,1056
20180601,JU1801376,A1124,1056
20180604,JU1802649,A0978,1056
20180605,JU1804570,A1161,1056
20180605,JU1806886,A0506,1056
20180606,JU1802699,A0862,1056
20180606,JU1808701,A0697,1056
20180607,JU1806524,A0678,1056
20180607,JU1805704,A0403,1056
20180607,JU1801555,A1057,1056
20180611,JU1807042,A1230,1056
20180612,JU1803612,A1296,1056
20180612,JU1803933,A1125,1056
20180613,JU1806172,A1409,1056
20180615,JU1800495,A1316,1056
20180615,JU1805959,A0684,1056
20180615,JU1803288,A0731,1056
20180618,JU1804318,A0385,1056
20180618,JU1802408,A0802,1056
20180618,JU1805903,A0773,1056
20180618,JU1803273,A0616,1056
20180619,JU1803465,A0942,1056
20180619,JU1800266,A0615,1056
20180619,JU1804165,A0963,1056
20180620,JU1800920,A0427,1056
20180620,JU1805792,A0470,1056
20180620,JU1807472,A0470,1056
20180621,JU1802841,A1015,1056
20180621,JU1808084,A0815,1056
20180622,JU1800573,A1065,1056
20180625,JU1800265,A0679,1056
20180626,JU1806469,A0404,1056
20180626,JU1806433,A1094,1056
20180626,JU1804847,A0761,1056
20180627,JU1802755,A0865,1056
20180627,JU1802365,A1277,1056
20180628,JU1802880,A0919,1056
20180628,JU1808831,A0813,1056
20180628,JU1808691,A0522,1056
20180629,JU1803752,A1329,1056
20180629,JU1805348,A0505,1056
20180629,JU1808294,A1215,1056
20180801,AU1806873,A1309,1056
20180801,AU1802599,A1370,1056
20180803,AU1800537,A0802,1056
20180806,AU1800203,A0785,1056
20180806,AU1800926,A1002,1056
20180806,AU1807321,A1208,1056
20180806,AU1800446,A0452,1056
20180807,AU1804734,A1064,1056
20180807,AU1802984,A0930,1056
20180808,AU1800685,A0429,1056
20180808,AU1808545,A0982,1056
20180809,AU1803832,A1193,1056
20180810,AU1800184,A0578,1056
20180810,AU1804652,A0756,1056
20180810,AU1800127,A0754,1056
20180813,AU1804919,A1120,1056
20180814,AU1800979,A1135,1056
20180814,AU1804411,A0466,1056
20180814,AU1800008,A1027,1056
20180814,AU1800787,A0641,1056
20180814,AU1800036,A0458,1056
20180815,AU1800141,A0701,1056
20180816,AU1808259,A1385,1056
20180816,AU1809256,A0429,1056
20180816,AU1808154,A0773,1056
20180817,AU1801537,A1149,1056
20180817,AU1800593,A1252,1056
20180817,AU1806236,A0796,1056
20180820,AU1808952,A0892,1056
20180820,AU1802391,A1255,1056
20180821,AU1808911,A0681,1056
20180821,AU1805996,A0934,1056
20180821,AU1803856,A1357,1056
20180822,AU1802036,A1092,1056
20180823,AU1803278,A1197,1056
20180824,AU1803183,A0873,1056
20180824,AU1805697,A1056,1056
20180827,AU1800277,A0610,1056
20180828,AU1802935,A1287,1056
20180830,AU1806281,A0370,1056
20180830,AU1808623,A1285,1056
20180831,AU1806528,A0589,1056
20180831,AU1805540,A0745,1056
20180831,AU1806979,A0679,1056
20180831,AU1807328,A0593,1056
20180904,SE1805843,A0383,1056
20180904,SE1808927,A0709,1056
20180904,SE1807078,A0878,1056
20180904,SE1807318,A1221,1056
20180905,SE1807140,A1390,1056
20180905,SE1808876,A0657,1056
20180910,SE1808476,A1212,1056
20180911,SE1804703,A0673,1056
20180913,SE1802021,A1305,1056
20180913,SE1804207,A0385,1056
20180913,SE1805353,A0408,1056
20180913,SE1802557,A1416,1056
20180914,SE1806738,A0464,1056
20180914,SE1807858,A1313,1056
20180914,SE1804479,A1232,1056
20180917,SE1807018,A0624,1056
20180917,SE1807630,A0861,1056
20180918,SE1808641,A1118,1056
20180920,SE1805206,A0783,1056
20180920,SE1808901,A0545,1056
20180920,SE1802213,A0783,1056
20180920,SE1803908,A1369,1056
20180921,SE1803686,A1203,1056
20180921,SE1802306,A1054,1056
20180925,SE1803240,A0731,1056
20180926,SE1803138,A0499,1056
20180927,SE1802528,A1073,1056
20180927,SE1806537,A0738,1056
20180927,SE1803737,A1065,1056
20180928,SE1807916,A0929,1056
20180402,AP1806548,A0375,1540
20180402,AP1801200,A0878,1540
20180403,AP1804880,A0835,1540
20180410,AP1806988,A1076,1540
20180411,AP1801917,A1162,1540
20180412,AP1801926,A0528,1540
20180412,AP1807596,A1338,1540
20180413,AP1801430,A1313,1540
20180416,AP1809258,A1208,1540
20180416,AP1800534,A1167,1540
20180417,AP1802502,A0928,1540
20180417,AP1806159,A0716,1540
20180417,AP1802448,A1067,1540
20180418,AP1801352,A1409,1540
20180420,AP1805682,A1258,1540
20180423,AP1809347,A0747,1540
20180424,AP1805835,A1116,1540
20180501,MA1807657,A0514,1540
20180503,MA1803656,A1406,1540
20180507,MA1806983,A0404,1540
20180508,MA1801982,A0897,1540
20180509,MA1804533,A0754,1540
20180510,MA1802321,A0428,1540
20180515,MA1805421,A0842,1540
20180515,MA1806512,A1362,1540
20180515,MA1808124,A0473,1540
20180518,MA1802229,A0965,1540
20180522,MA1801616,A0990,1540
20180524,MA1804948,A1195,1540
20180525,MA1805786,A0688,1540
20180529,MA1807437,A0869,1540
20180529,MA1805179,A1067,1540
20180530,MA1806904,A1306,1540
20180531,MA1805703,A0786,1540
20180531,MA1800189,A0990,1540
20180601,JU1800973,A0404,1540
20180604,JU1800210,A0927,1540
20180605,JU1801517,A1353,1540
20180606,JU1808069,A1065,1540
20180606,JU1808075,A1162,1540
20180608,JU1805594,A0701,1540
20180608,JU1803985,A1332,1540
20180612,JU1807135,A0559,1540
20180614,JU1804335,A0845,1540
20180614,JU1803706,A0921,1540
20180614,JU1805928,A0961,1540
20180614,JU1806894,A1100,1540
20180615,JU1801750,A0582,1540
20180618,JU1800598,A0467,1540
20180618,JU1805494,A1381,1540
20180620,JU1801498,A0862,1540
20180620,JU1800565,A0796,1540
20180620,JU1807677,A0457,1540
20180621,JU1801663,A0887,1540
20180622,JU1806174,A0982,1540
20180622,JU1804650,A0946,1540
20180625,JU1807565,A1274,1540
20180625,JU1808949,A0922,1540
20180626,JU1800038,A0762,1540
20180628,JU1803655,A0660,1540
20180628,JU1801747,A0426,1540
20180801,AU1807578,A1003,1540
20180801,AU1802148,A0944,1540
20180803,AU1807337,A0421,1540
20180807,AU1803947,A0815,1540
20180807,AU1805189,A0531,1540
20180807,AU1801678,A0559,1540
20180807,AU1803987,A1102,1540
20180808,AU1807938,A1217,1540
20180814,AU1808965,A1181,1540
20180814,AU1804407,A0556,1540
20180815,AU1806010,A0519,1540
20180815,AU1808793,A0703,1540
20180816,AU1806118,A1416,1540
20180821,AU1800611,A0690,1540
20180822,AU1807815,A0422,1540
20180822,AU1806419,A0798,1540
20180827,AU1802479,A0916,1540
20180828,AU1808401,A0679,1540
20180828,AU1803966,A1343,1540
20180830,AU1803469,A1278,1540
20180831,AU1804240,A1188,1540
20180905,SE1808570,A1221,1540
20180905,SE1808501,A0808,1540
20180906,SE1807251,A0977,1540
20180910,SE1805271,A0480,1540
20180913,SE1800418,A0450,1540
20180917,SE1807281,A1206,1540
20180921,SE1807953,A1276,1540
20180925,SE1807037,A0893,1540
20180925,SE1803438,A0773,1540
20180926,SE1809194,A1215,1540
20180926,SE1802872,A1282,1540
20180927,SE1809164,A0744,1540
20181005,OC1809261,A0459,1540
20180102,JA1808305,A1153,1540
20180103,JA1808145,A0879,1540
20180104,JA1802484,A0578,1540
20180105,JA1805058,A0949,1540
20180105,JA1802153,A0534,1540
20180108,JA1804368,A0529,1540
20180110,JA1805150,A1348,1540
20180111,JA1803505,A1163,1540
20180111,JA1805096,A0369,1540
20180118,JA1803387,A1133,1540
20180119,JA1803616,A1036,1540
20180123,JA1801853,A0862,1540
20180123,JA1804473,A0433,1540
20180125,JA1808535,A0760,1540
20180125,JA1804973,A1160,1540
20180130,JA1808264,A1056,1540
20180131,JA1802382,A0934,1540
20180205,FE1805268,A1202,1540
20180205,FE1808621,A1059,1540
20180206,FE1808475,A0893,1540
20180207,FE1809029,A0471,1540
20180208,FE1803089,A0582,1540
20180209,FE1804746,A1160,1540
20180212,FE1805272,A0879,1540
20180213,FE1804482,A0546,1540
20180213,FE1802466,A1420,1540
20180214,FE1803283,A0724,1540
20180215,FE1802387,A1416,1540
20180220,FE1802603,A0625,1540
20180220,FE1809210,A0994,1540
20180220,FE1800216,A0764,1540
20180223,FE1805245,A1358,1540
20180226,FE1800665,A0870,1540
20180226,FE1807011,A1290,1540
20180226,FE1806812,A1362,1540
20180227,FE1800494,A0880,1540
20180227,FE1803069,A1160,1540
20181101,NO1803860,A0377,1540
20181101,NO1800162,A1188,1540
20181101,NO1803808,A1338,1540
20181107,NO1803100,A0819,1540
20181107,NO1804274,A0724,1540
20181107,NO1808766,A1338,1540
20181107,NO1802339,A0679,1540
20181108,NO1806394,A0480,1540
20181113,NO1801432,A1338,1540
20181113,NO1806910,A0743,1540
20181114,NO1808389,A0754,1540
20181116,NO1804298,A0436,1540
20181122,NO1802070,A1217,1540
20181128,NO1808642,A1160,1540
20181129,NO1801025,A0982,1540
20181203,DE1804046,A0632,1540
20181204,DE1807166,A0688,1540
20181204,DE1807338,A0459,1540
20181204,DE1801529,A0387,1540
20181205,DE1800953,A1181,1540
20181206,DE1804906,A1124,1540
20181213,DE1809315,A1002,1540
20181214,DE1806462,A1316,1540
20181217,DE1804814,A1092,1540
20181220,DE1801543,A0792,1540
20181221,DE1804116,A0630,1540
20181224,DE1800188,A0633,1540
20181225,DE1802963,A1129,1540
20181226,DE1803793,A1039,1540
20181227,DE1809026,A1120,1540
20190104,JA1906250,A0830,1540
20180305,MA1804890,A0503,1540
20180307,MA1800500,A0497,1540
20180307,MA1808742,A0725,1540
20180308,MA1802165,A0946,1540
20180308,MA1806085,A0457,1540
20180309,MA1808463,A1159,1540
20180312,MA1804098,A0495,1540
20180312,MA1803463,A0574,1540
20180313,MA1805743,A0890,1540
20180315,MA1800469,A0434,1540
20180322,MA1800182,A0982,1540
20180322,MA1806841,A0824,1540
20180322,MA1801777,A0927,1540
20180326,MA1804602,A0583,1540
20180330,MA1809348,A0403,1540
20180702,JU1807424,A1265,1540
20180702,JU1802902,A1410,1540
20180703,JU1802814,A1063,1540
20180703,JU1808969,A0749,1540
20180705,JU1807683,A1337,1540
20180709,JU1802499,A1381,1540
20180710,JU1807656,A0472,1540
20180711,JU1801029,A0822,1540
20180711,JU1806554,A1035,1540
20180712,JU1806119,A1076,1540
20180716,JU1805913,A0886,1540
20180716,JU1803716,A0673,1540
20180717,JU1809365,A0757,1540
20180720,JU1803795,A1390,1540
20180727,JU1808361,A1219,1540
20180730,JU1804304,A1353,1540
20180731,JU1808497,A0742,1540
20180803,AU1805504,A1183,1540
20181002,OC1806532,A0884,1540
20181002,OC1808126,A0357,1540
20181003,OC1800921,A1064,1540
20181003,OC1801136,A0473,1540
20181003,OC1809101,A1329,1540
20181004,OC1807091,A1277,1540
20181005,OC1806458,A0357,1540
20181010,OC1804212,A0836,1540
20181011,OC1801452,A1167,1540
20181012,OC1803150,A0574,1540
20181015,OC1804457,A1193,1540
20181015,OC1802815,A0610,1540
20181018,OC1805609,A0482,1540
20181018,OC1800461,A1101,1540
20181024,OC1802869,A0824,1540
20181024,OC1805994,A0630,1540
20181024,OC1803423,A0892,1540
20181025,OC1807804,A0781,1540
20181025,OC1804371,A1416,1540
20181102,NO1804114,A0678,1540
20180305,MA1804211,A0480,2200
20180307,MA1803902,A0633,2200
20180307,MA1801278,A0431,2200
20180308,MA1804604,A1202,2200
20180309,MA1802136,A1069,2200
20180312,MA1803368,A0464,2200
20180313,MA1806060,A0835,2200
20180313,MA1807069,A0642,2200
20180314,MA1801330,A1088,2200
20180316,MA1805634,A1384,2200
20180319,MA1806973,A0457,2200
20180320,MA1804187,A1309,2200
20180321,MA1806665,A1215,2200
20180326,MA1806605,A0934,2200
20180328,MA1805789,A1357,2200
20180705,JU1804235,A0713,2200
20180705,JU1800234,A1293,2200
20180710,JU1808178,A0550,2200
20180711,JU1804366,A1375,2200
20180711,JU1800911,A0927,2200
20180712,JU1805740,A0703,2200
20180713,JU1803859,A0578,2200
20180716,JU1803442,A0500,2200
20180718,JU1808869,A1290,2200
20180724,JU1805346,A1240,2200
20180724,JU1805983,A1236,2200
20180726,JU1801805,A0816,2200
20180726,JU1805240,A0515,2200
20180730,JU1809136,A1186,2200
20181003,OC1809179,A0905,2200
20181004,OC1802548,A0385,2200
20181005,OC1808107,A1254,2200
20181008,OC1802430,A1406,2200
20181017,OC1809106,A0839,2200
20181017,OC1803956,A1337,2200
20181017,OC1801190,A0853,2200
20181018,OC1802606,A0988,2200
20181018,OC1806889,A1319,2200
20181022,OC1802553,A0575,2200
20181023,OC1801680,A0584,2200
20181024,OC1806117,A1311,2200
20181024,OC1801573,A1345,2200
20181025,OC1807462,A0919,2200
20181026,OC1807640,A1153,2200
20181029,OC1806056,A0771,2200
20181031,OC1806026,A0382,2200
20181102,NO1808932,A1057,2200
20180108,JA1803900,A1135,2200
20180109,JA1803407,A0815,2200
20180110,JA1800044,A0660,2200
20180110,JA1800347,A0890,2200
20180111,JA1807957,A1271,2200
20180112,JA1807771,A1060,2200
20180112,JA1807926,A1161,2200
20180112,JA1801950,A1260,2200
20180115,JA1802949,A0754,2200
20180117,JA1801103,A0506,2200
20180117,JA1802031,A0422,2200
20180118,JA1800107,A0420,2200
20180119,JA1800172,A0837,2200
20180119,JA1807932,A1015,2200
20180125,JA1805890,A1197,2200
20180129,JA1805565,A0670,2200
20180129,JA1808025,A0781,2200
20180201,FE1806878,A0949,2200
20180202,FE1806774,A0975,2200
20180207,FE1801351,A0640,2200
20180208,FE1809338,A0412,2200
20180209,FE1803748,A0616,2200
20180212,FE1804826,A0914,2200
20180213,FE1806105,A0542,2200
20180215,FE1806527,A0785,2200
20180215,FE1808917,A0922,2200
20180216,FE1808846,A0880,2200
20180220,FE1804188,A1309,2200
20180220,FE1802740,A0897,2200
20180221,FE1809274,A0800,2200
20180222,FE1806888,A0819,2200
20180222,FE1807052,A1314,2200
20180227,FE1803529,A1114,2200
20181030,OC1804884,A1277,2200
20181101,NO1800896,A1186,2200
20181101,NO1802126,A1116,2200
20181102,NO1802194,A0529,2200
20181107,NO1800464,A1319,2200
20181108,NO1802732,A1071,2200
20181112,NO1808046,A1215,2200
20181113,NO1808053,A1277,2200
20181114,NO1805627,A1047,2200
20181116,NO1800136,A1251,2200
20181116,NO1809163,A0539,2200
20181119,NO1807655,A0833,2200
20181120,NO1806021,A0963,2200
20181121,NO1802970,A0495,2200
20181122,NO1804218,A0547,2200
20181127,NO1800727,A1165,2200
20181127,NO1804837,A1124,2200
20181128,NO1801751,A1076,2200
20181128,NO1802989,A0408,2200
20181128,NO1801166,A1240,2200
20181129,NO1804574,A0464,2200
20181130,NO1801295,A0724,2200
20181203,DE1807071,A1313,2200
20181203,DE1807377,A0380,2200
20181210,DE1800853,A1219,2200
20181212,DE1806099,A1093,2200
20181212,DE1801172,A0684,2200
20181213,DE1802601,A1119,2200
20181213,DE1803584,A0480,2200
20181214,DE1808027,A0897,2200
20181214,DE1803155,A0350,2200
20181217,DE1808485,A1240,2200
20181218,DE1804080,A1208,2200
20181219,DE1805862,A1178,2200
20181219,DE1805397,A0821,2200
20181221,DE1800450,A0774,2200
20181221,DE1806842,A0744,2200
20181224,DE1808593,A0695,2200
20181225,DE1806533,A0444,2200
20181225,DE1801796,A1089,2200
20181228,DE1800344,A0683,2200
20181228,DE1805668,A1305,2200
20180402,AP1806638,A1369,2200
20180403,AP1809074,A1278,2200
20180404,AP1802304,A0895,2200
20180404,AP1804466,A0531,2200
20180406,AP1807599,A0357,2200
20180410,AP1800474,A1013,2200
20180411,AP1803801,A0944,2200
20180412,AP1802269,A0412,2200
20180412,AP1802773,A1296,2200
20180412,AP1803516,A1054,2200
20180412,AP1801054,A1020,2200
20180413,AP1803939,A0575,2200
20180417,AP1807914,A1362,2200
20180419,AP1806881,A0862,2200
20180419,AP1805599,A0798,2200
20180420,AP1804712,A1302,2200
20180423,AP1803331,A1128,2200
20180423,AP1806516,A0701,2200
20180424,AP1806277,A0496,2200
20180426,AP1805945,A0429,2200
20180427,AP1802785,A1069,2200
20180427,AP1804771,A1381,2200
20180430,AP1807801,A1142,2200
20180503,MA1800803,A1193,2200
20180504,MA1804945,A1064,2200
20180507,MA1807389,A1214,2200
20180511,MA1802691,A0356,2200
20180514,MA1803721,A1100,2200
20180514,MA1805370,A0443,2200
20180515,MA1802095,A0737,2200
20180517,MA1803805,A0502,2200
20180517,MA1805780,A1089,2200
20180518,MA1803697,A0836,2200
20180521,MA1804442,A0445,2200
20180522,MA1804013,A1323,2200
20180522,MA1806806,A0704,2200
20180522,MA1805250,A1341,2200
20180523,MA1803381,A1390,2200
20180524,MA1808634,A0887,2200
20180525,MA1801286,A0531,2200
20180528,MA1801139,A1320,2200
20180529,MA1801018,A0942,2200
20180531,MA1800890,A0411,2200
20180531,MA1808091,A0919,2200
20180606,JU1807580,A0422,2200
20180606,JU1802226,A1237,2200
20180608,JU1800827,A0945,2200
20180608,JU1801236,A1343,2200
20180613,JU1803570,A0481,2200
20180613,JU1809142,A1056,2200
20180614,JU1803897,A1089,2200
20180615,JU1804755,A0771,2200
20180619,JU1804653,A1106,2200
20180620,JU1806136,A0925,2200
20180620,JU1806439,A0586,2200
20180621,JU1802432,A0493,2200
20180622,JU1805430,A1057,2200
20180625,JU1807598,A0512,2200
20180626,JU1800576,A1251,2200
20180626,JU1801685,A0472,2200
20180626,JU1802685,A0731,2200
20180629,JU1805632,A1299,2200
20180802,AU1805304,A1029,2200
20180806,AU1802563,A0972,2200
20180806,AU1806626,A0905,2200
20180807,AU1800590,A1276,2200
20180807,AU1802099,A0552,2200
20180808,AU1803707,A0445,2200
20180809,AU1802598,A0961,2200
20180813,AU1804896,A0987,2200
20180815,AU1805794,A1103,2200
20180815,AU1802972,A1274,2200
20180820,AU1802267,A0673,2200
20180821,AU1804440,A1009,2200
20180823,AU1804004,A1307,2200
20180823,AU1805791,A0916,2200
20180828,AU1806220,A0965,2200
20180830,AU1802734,A0862,2200
20180831,AU1808431,A0918,2200
20180903,SE1807188,A1136,2200
20180904,SE1808891,A0446,2200
20180906,SE1800546,A0880,2200
20180910,SE1806380,A0382,2200
20180910,SE1806185,A0716,2200
20180911,SE1807312,A1055,2200
20180920,SE1801532,A0774,2200
20180920,SE1806759,A0852,2200
20180920,SE1807467,A1050,2200
20180920,SE1804731,A1003,2200
20180925,SE1801272,A0781,2200
20180925,SE1801251,A0655,2200
20180927,SE1808589,A0709,2200
20180103,JA1807380,A0992,2640
20180105,JA1805651,A0736,2640
20180110,JA1801049,A1225,2640
20180111,JA1804936,A0432,2640
20180111,JA1800453,A0930,2640
20180115,JA1806963,A0921,2640
20180117,JA1800980,A0466,2640
20180118,JA1802441,A1367,2640
20180125,JA1804159,A0414,2640
20180130,JA1801267,A1187,2640
20180131,JA1801106,A0655,2640
20180201,FE1803377,A0377,2640
20180201,FE1801210,A0665,2640
20180205,FE1800910,A1169,2640
20180209,FE1802156,A1274,2640
20180219,FE1806923,A0742,2640
20180220,FE1808794,A1333,2640
20180221,FE1800333,A1337,2640
20180222,FE1803376,A1055,2640
20180226,FE1804802,A0665,2640
20180228,FE1801724,A0965,2640
20180302,MA1804306,A0819,2640
20180308,MA1801321,A0930,2640
20180309,MA1804759,A0704,2640
20180312,MA1800882,A0496,2640
20180316,MA1803587,A0977,2640
20180319,MA1805403,A1390,2640
20180320,MA1808338,A0816,2640
20180320,MA1803203,A1343,2640
20180321,MA1809154,A1054,2640
20180321,MA1806018,A1312,2640
20180323,MA1805454,A0942,2640
20180327,MA1807672,A0399,2640
20180328,MA1808974,A1014,2640
20180328,MA1803139,A0945,2640
20180328,MA1808492,A0743,2640
20180402,AP1801782,A0792,2640
20180406,AP1800672,A1150,2640
20180411,AP1807744,A1144,2640
20180412,AP1802550,A0587,2640
20180419,AP1800723,A1221,2640
20180423,AP1805810,A0747,2640
20180424,AP1808592,A0583,2640
20180424,AP1804515,A0429,2640
20180426,AP1805406,A1091,2640
20180501,MA1800918,A1169,2640
20180501,MA1806714,A1193,2640
20180502,MA1801427,A0951,2640
20180502,MA1800552,A1221,2640
20180504,MA1803528,A0576,2640
20180509,MA1808016,A0681,2640
20180510,MA1802006,A1242,2640
20180510,MA1804607,A1333,2640
20180510,MA1802630,A1062,2640
20180511,MA1809190,A0435,2640
20180514,MA1805670,A1009,2640
20180515,MA1808378,A0852,2640
20180516,MA1802765,A1135,2640
20180516,MA1801159,A1132,2640
20180518,MA1807062,A0442,2640
20180518,MA1805026,A0399,2640
20180522,MA1802376,A0933,2640
20180525,MA1802781,A0774,2640
20180525,MA1804522,A0643,2640
20180528,MA1807348,A0618,2640
20180530,MA1807506,A0997,2640
20180601,JU1800805,A1333,2640
20180601,JU1807624,A0826,2640
20180604,JU1800328,A0830,2640
20180604,JU1804800,A1257,2640
20180606,JU1805372,A0913,2640
20180606,JU1804256,A0826,2640
20180606,JU1802210,A0796,2640
20180607,JU1806401,A0428,2640
20180618,JU1805680,A1064,2640
20180618,JU1803736,A1416,2640
20180619,JU1803583,A1212,2640
20180622,JU1806912,A0428,2640
20180627,JU1806804,A0952,2640
20180627,JU1805275,A0693,2640
20180703,JU1803340,A0867,2640
20180704,JU1803710,A1237,2640
20180705,JU1806517,A1164,2640
20180711,JU1805955,A1208,2640
20180718,JU1809019,A0529,2640
20180723,JU1800027,A1139,2640
20180724,JU1804286,A0371,2640
20180724,JU1808150,A0881,2640
20180727,JU1807182,A1130,2640
20180727,JU1806673,A0380,2640
20180809,AU1802150,A1104,2640
20180814,AU1801874,A0838,2640
20180821,AU1801912,A0878,2640
20180822,AU1807067,A0835,2640
20180827,AU1800263,A0741,2640
20180827,AU1804511,A1130,2640
20180829,AU1808345,A1003,2640
20180831,AU1803236,A1357,2640
20180905,SE1802027,A0879,2640
20180907,SE1803639,A0531,2640
20180919,SE1801637,A1415,2640
20180920,SE1805139,A1369,2640
20180921,SE1804011,A1419,2640
20180921,SE1804493,A0933,2640
20180924,SE1803151,A0574,2640
20180925,SE1806648,A1412,2640
20180927,SE1800861,A0724,2640
20180927,SE1800958,A1228,2640
20180928,SE1807150,A1050,2640
20181003,OC1800246,A1100,2640
20181004,OC1801962,A0720,2640
20181008,OC1808840,A0530,2640
20181009,OC1804222,A0578,2640
20181009,OC1803693,A1299,2640
20181010,OC1805501,A0696,2640
20181015,OC1803784,A1151,2640
20181015,OC1807287,A0496,2640
20181023,OC1807028,A1108,2640
20181025,OC1805927,A0747,2640
20181102,NO1808982,A0771,2640
20181105,NO1801550,A1161,2640
20181105,NO1802715,A1214,2640
20181106,NO1805910,A1415,2640
20181107,NO1800337,A1108,2640
20181108,NO1803470,A1089,2640
20181112,NO1801869,A0930,2640
20181112,NO1804181,A0862,2640
20181113,NO1802940,A0571,2640
20181114,NO1804010,A0618,2640
20181115,NO1803472,A1169,2640
20181119,NO1802862,A0800,2640
20181122,NO1807099,A0541,2640
20181123,NO1804225,A1413,2640
20181129,NO1800657,A0681,2640
20181203,DE1806338,A0624,2640
20181211,DE1807523,A0443,2640
20181211,DE1806591,A0357,2640
20181212,DE1803024,A0458,2640
20181214,DE1804242,A0942,2640
20181218,DE1805059,A0574,2640
20181226,DE1809174,A0795,2640
20181226,DE1806535,A1228,2640
20181227,DE1804536,A1260,2640
20181231,DE1807703,A1297,2640
20190101,JA1901240,A1382,2640
20190101,JA1906148,A0515,2640
20190104,JA1903532,A0632,2640
20180115,JA1806170,A0407,11000
20180115,JA1803195,A0444,11000
20180124,JA1802997,A1305,11000
20180130,JA1808013,A0952,11000
20180130,JA1803552,A0879,11000
20180131,JA1806645,A1058,11000
20180131,JA1808281,A1372,11000
20180202,FE1803223,A0862,11000
20180205,FE1809278,A0930,11000
20180215,FE1804164,A0861,11000
20180215,FE1806803,A0945,11000
20180220,FE1804494,A1161,11000
20180221,FE1802507,A0528,11000
20180222,FE1807025,A0513,11000
20180222,FE1806987,A1142,11000
20180223,FE1805934,A1254,11000
20180307,MA1803364,A1139,11000
20180308,MA1808809,A0462,11000
20180315,MA1803785,A0424,11000
20180320,MA1800253,A0473,11000
20180321,MA1809025,A0754,11000
20180323,MA1805662,A0610,11000
20180402,AP1802724,A0470,11000
20180404,AP1806521,A0881,11000
20180420,AP1804741,A0377,11000
20180503,MA1802363,A0504,11000
20180521,MA1802249,A1353,11000
20180528,MA1802455,A0382,11000
20180608,JU1805436,A0845,11000
20180613,JU1803519,A0654,11000
20180613,JU1804147,A1002,11000
20180614,JU1801987,A1274,11000
20180618,JU1806743,A0819,11000
20180629,JU1801230,A0429,11000
20180702,JU1803536,A1129,11000
20180710,JU1805757,A1345,11000
20180719,JU1807419,A1159,11000
20180723,JU1803567,A1264,11000
20180723,JU1808323,A0505,11000
20180724,JU1808577,A0498,11000
20180730,JU1807260,A1360,11000
20180802,AU1809022,A1133,11000
20180810,AU1807752,A0763,11000
20180813,AU1801431,A0707,11000
20180821,AU1807648,A0559,11000
20180823,AU1807418,A1302,11000
20180924,SE1803739,A1388,11000
20180928,SE1804352,A0767,11000
20180928,SE1800793,A1406,11000
20181001,OC1804631,A1002,11000
20181002,OC1807263,A0431,11000
20181002,OC1808158,A1076,11000
20181015,OC1804360,A1415,11000
20181017,OC1801839,A0822,11000
20181017,OC1803758,A1003,11000
20181024,OC1802813,A1115,11000
20181031,OC1801069,A0997,11000
20181130,NO1806484,A1397,11000
20181211,DE1800700,A0547,11000
20181212,DE1801594,A0994,11000
20181213,DE1802676,A0932,11000
20181218,DE1802690,A0811,11000
20181220,DE1800409,A0826,11000
20181225,DE1806203,A0641,11000
20180108,JA1803677,A0592,3960
20180109,JA1809237,A1236,13200
20180110,JA1805449,A1030,3960
20180111,JA1807358,A0756,3960
20180111,JA1806697,A0641,5280
20180111,JA1800677,A1232,6600
20180112,JA1801411,A1007,13200
20180115,JA1801533,A0741,5280
20180116,JA1807541,A1127,3960
20180116,JA1804914,A0414,5280
20180118,JA1800259,A0861,5280
20180118,JA1800627,A0353,3960
20180119,JA1805371,A1120,6600
20180123,JA1804336,A0643,6600
20180126,JA1801799,A1118,5280
20180129,JA1805882,A0764,3960
20180131,JA1800193,A1064,6600
20180202,FE1801612,A1257,6600
20180206,FE1807080,A0412,3960
20180209,FE1807072,A1056,3960
20180215,FE1800605,A1000,6600
20180219,FE1805750,A0925,5280
20180219,FE1800591,A0375,6600
20180220,FE1804167,A1416,5280
20180220,FE1800810,A1164,3960
20180221,FE1808632,A1216,13200
20180221,FE1803540,A0707,5280
20180221,FE1808496,A0862,3960
20180223,FE1806568,A0879,6600
20180226,FE1806478,A0796,6600
20180228,FE1809103,A1124,5280
20180305,MA1804966,A1285,13200
20180309,MA1803597,A0705,5280
20180312,MA1808558,A1176,5280
20180313,MA1809132,A1029,3960
20180314,MA1804765,A0493,5280
20180316,MA1803912,A0412,5280
20180319,MA1803352,A0919,3960
20180321,MA1803980,A0702,3960
20180322,MA1804567,A0790,3960
20180323,MA1801145,A1357,5280
20180328,MA1802640,A0871,6600
20180328,MA1800647,A0681,13200
20180330,MA1801728,A0695,3960
20180405,AP1803035,A0972,6600
20180405,AP1802013,A1027,5280
20180406,AP1805031,A0743,13200
20180406,AP1807966,A1153,3960
20180409,AP1802650,A1242,5280
20180413,AP1800719,A0473,6600
20180416,AP1805610,A1130,6600
20180418,AP1803769,A0493,6600
20180419,AP1803413,A1164,6600
20180419,AP1809359,A0382,3960
20180419,AP1803433,A1076,6600
20180420,AP1807483,A0352,13200
20180425,AP1804694,A1210,6600
20180430,AP1806620,A0819,5280
20180501,MA1803777,A0819,5280
20180507,MA1809012,A0409,6600
20180507,MA1806046,A0601,5280
20180510,MA1801253,A0453,13200
20180510,MA1805133,A1161,6600
20180511,MA1808384,A0799,3960
20180514,MA1800721,A0835,5280
20180518,MA1804990,A0438,13200
20180518,MA1807141,A0879,6600
20180518,MA1800386,A0557,5280
20180528,MA1801598,A0916,6600
20180529,MA1808362,A0632,3960
20180531,MA1808469,A1062,6600
20180531,MA1808668,A0502,3960
20180531,MA1802839,A0708,3960
20180531,MA1807107,A0611,5280
20180605,JU1807446,A0542,3960
20180612,JU1804063,A0949,3960
20180612,JU1803954,A1208,5280
20180619,JU1803724,A0901,5280
20180619,JU1802171,A0701,3960
20180620,JU1803430,A0542,13200
20180621,JU1803176,A0867,6600
20180628,JU1801541,A0503,6600
20180629,JU1805107,A0940,5280
20180629,JU1806414,A1412,3960
20180629,JU1805814,A1292,3960
20180702,JU1801991,A0375,3960
20180703,JU1805897,A0515,5280
20180704,JU1805329,A1282,3960
20180705,JU1804788,A0977,6600
20180705,JU1807753,A0355,13200
20180710,JU1802467,A0937,3960
20180711,JU1805420,A0578,6600
20180716,JU1804564,A1390,3960
20180717,JU1805992,A1204,3960
20180718,JU1801443,A0627,13200
20180720,JU1800444,A0811,5280
20180724,JU1802884,A1120,5280
20180726,JU1801266,A1175,5280
20180726,JU1803013,A0593,3960
20180727,JU1805398,A0463,5280
20180730,JU1802296,A1290,3960
20180801,AU1803729,A0862,6600
20180801,AU1803221,A0399,13200
20180802,AU1800275,A0853,13200
20180803,AU1804810,A0412,6600
20180808,AU1800479,A1332,5280
20180810,AU1804901,A0881,6600
20180814,AU1807034,A0582,5280
20180816,AU1801481,A0977,13200
20180816,AU1807751,A0892,3960
20180821,AU1805352,A0708,3960
20180821,AU1806908,A1144,13200
20180823,AU1808615,A1293,5280
20180823,AU1808590,A1135,5280
20180828,AU1807912,A0665,3960
20180829,AU1805473,A0808,13200
20180829,AU1806846,A0887,3960
20180829,AU1801578,A0801,13200
20180830,AU1800301,A0450,13200
20180831,AU1806969,A0800,13200
20180904,SE1806187,A1412,5280
20180905,SE1801012,A0893,6600
20180906,SE1805721,A1370,5280
20180907,SE1804752,A0845,3960
20180911,SE1806001,A0861,6600
20180913,SE1807954,A0464,3960
20180926,SE1807810,A1120,3960
20181003,OC1805636,A0531,5280
20181008,OC1808874,A1009,6600
20181008,OC1804916,A0450,6600
20181010,OC1808547,A0994,3960
20181019,OC1808444,A1258,3960
20181019,OC1807441,A0528,5280
20181023,OC1800192,A1343,6600
20181023,OC1808778,A1123,3960
20181024,OC1808677,A0544,5280
20181024,OC1802921,A1319,5280
20181025,OC1803459,A0982,3960
20181025,OC1801672,A0842,13200
20181026,OC1803763,A0371,3960
20181026,OC1806795,A0419,3960
20181031,OC1809270,A1038,5280
20181031,OC1808848,A0607,13200
20181101,NO1805877,A0428,3960
20181105,NO1807191,A0743,5280
20181105,NO1803594,A0982,3960
20181105,NO1806948,A0707,6600
20181105,NO1802315,A1139,3960
20181107,NO1806124,A0747,5280
20181108,NO1802302,A0583,6600
20181113,NO1802752,A0414,3960
20181114,NO1806177,A0445,5280
20181115,NO1802695,A0665,13200
20181119,NO1800431,A0603,13200
20181121,NO1804565,A0673,3960
20181121,NO1800786,A0845,13200
20181123,NO1806834,A0474,3960
20181123,NO1804383,A0944,5280
20181128,NO1807684,A0790,6600
20181128,NO1801745,A0890,3960
20181129,NO1808752,A1296,6600
20181129,NO1800682,A1381,6600
20181130,NO1807878,A0557,5280
20181204,DE1805005,A1022,3960
20181204,DE1807124,A1255,3960
20181204,DE1803379,A0684,3960
20181204,DE1801623,A0907,3960
20181205,DE1802560,A0718,5280
20181212,DE1808244,A0630,6600
20181213,DE1806655,A0369,5280
20181214,DE1807775,A0884,3960
20181218,DE1802043,A0934,3960
20181218,DE1808540,A0497,6600
20181218,DE1807088,A0697,3960
20181218,DE1800761,A0436,3960
20181218,DE1808902,A1320,5280
20181219,DE1800492,A1257,6600
20181219,DE1801133,A0408,3960
20181220,DE1801108,A0377,5280
20181228,DE1808992,A0615,13200
20181228,DE1803076,A0836,5280
20181231,DE1800375,A0371,6600
20181231,DE1808510,A1065,5280
20180702,JU1803538,A0741,880
20180702,JU1804472,A1337,1100
20180702,JU1806853,A1349,1100
20180702,JU1804370,A0897,1100
20180702,JU1805208,A0530,880
20180703,JU1805351,A0891,550
20180703,JU1806742,A1063,220
20180704,JU1800324,A0578,110
20180704,JU1800643,A1313,440
20180705,JU1801522,A1062,1100
20180705,JU1803363,A1162,440
20180705,JU1803524,A0922,880
20180706,JU1802967,A0693,550
20180706,JU1805767,A0480,1100
20180706,JU1800102,A0836,880
20180706,JU1801105,A1204,1100
20180709,JU1800467,A0351,440
20180709,JU1805498,A0824,440
20180710,JU1803309,A0815,880
20180710,JU1809130,A0738,440
20180710,JU1804285,A0749,440
20180711,JU1805167,A0587,550
20180711,JU1805415,A1225,1100
20180711,JU1803054,A1036,880
20180711,JU1808738,A1334,440
20180711,JU1801019,A1030,220
20180712,JU1804376,A0704,440
20180712,JU1805018,A0720,880
20180712,JU1807112,A0931,880
20180712,JU1808660,A0701,440
20180712,JU1808572,A0589,440
20180713,JU1808709,A0390,110
20180713,JU1800306,A0978,1100
20180713,JU1808234,A0616,440
20180713,JU1804824,A1095,110
20180716,JU1807185,A0767,550
20180716,JU1804928,A0502,550
20180716,JU1807575,A1116,550
20180716,JU1802720,A0659,440
20180717,JU1807278,A0953,880
20180717,JU1809041,A0412,440
20180718,JU1802385,A0744,880
20180718,JU1801177,A1178,440
20180718,JU1809226,A0738,880
20180718,JU1800093,A1201,550
20180718,JU1807671,A1129,550
20180718,JU1809281,A0963,1100
20180719,JU1806656,A0452,1100
20180719,JU1804706,A0586,880
20180719,JU1805824,A0375,440
20180719,JU1802131,A0781,440
20180719,JU1802934,A0878,1100
20180719,JU1806367,A0506,550
20180720,JU1806978,A0955,440
20180720,JU1804313,A1137,550
20180720,JU1800757,A1017,550
20180720,JU1803282,A1227,550
20180720,JU1807754,A0802,550
20180723,JU1804831,A0611,1100
20180723,JU1809139,A0453,440
20180723,JU1807658,A0458,220
20180723,JU1805612,A0574,550
20180723,JU1804438,A0512,220
20180723,JU1806935,A0385,1100
20180724,JU1806163,A0789,1100
20180724,JU1805457,A0869,440
20180725,JU1806231,A1228,880
20180726,JU1802954,A1409,550
20180727,JU1802913,A1175,1100
20180727,JU1808103,A0996,1100
20180727,JU1807890,A1388,880
20180727,JU1809088,A0824,440
20180727,JU1807566,A0422,440
20180727,JU1809035,A1278,440
20180730,JU1808958,A0891,440
20180730,JU1809007,A0694,440
20180730,JU1807189,A0953,1100
20180730,JU1801628,A1124,550
20180730,JU1801610,A0514,110
20180731,JU1800218,A0547,1100
20180802,AU1805464,A1290,550
20180802,AU1806498,A0883,220
20180803,AU1803727,A0815,550
20180226,FE1802748,A0746,550
20180228,FE1801671,A1357,220
20180301,MA1807796,A0745,1100
20180301,MA1801038,A1030,880
20180301,MA1806313,A0890,1100
20180301,MA1801969,A0878,110
20180302,MA1802071,A1202,880
20180302,MA1801894,A1306,440
20180305,MA1809218,A0963,1100
20180305,MA1804453,A0990,440
20180305,MA1806173,A1133,440
20180305,MA1804390,A1316,440
20180306,MA1805098,A0670,220
20180306,MA1806192,A1360,440
20180306,MA1808879,A1239,550
20180306,MA1806453,A0379,1100
20180306,MA1806689,A0629,880
20180307,MA1804853,A1168,1100
20180307,MA1807433,A1202,1100
20180307,MA1800202,A1232,1100
20180308,MA1803960,A0353,1100
20180308,MA1804150,A0731,880
20180309,MA1802404,A0975,1100
20180309,MA1800271,A1135,110
20180309,MA1802106,A0659,880
20180309,MA1801243,A0743,440
20180312,MA1805879,A0548,1100
20180312,MA1806614,A0444,110
20180312,MA1803833,A0438,220
20180312,MA1806952,A1226,220
20180312,MA1806706,A0548,550
20180312,MA1808477,A0503,880
20180313,MA1802608,A0747,550
20180313,MA1803691,A0368,440
20180313,MA1801783,A1361,440
20180313,MA1806499,A1202,880
20180313,MA1801447,A1415,440
20180313,MA1806295,A0382,1100
20180313,MA1806397,A0582,440
20180313,MA1800476,A0412,440
20180314,MA1804297,A1054,1100
20180314,MA1802445,A0808,880
20180315,MA1804833,A1308,550
20180315,MA1808099,A0839,440
20180315,MA1801936,A0581,1100
20180315,MA1806200,A0642,440
20180316,MA1805381,A0445,1100
20180316,MA1800024,A1326,1100
20180316,MA1806957,A0462,440
20180319,MA1801786,A1206,110
20180319,MA1807493,A0615,1100
20180319,MA1800037,A1293,440
20180319,MA1801496,A0574,1100
20180319,MA1801138,A1416,550
20180319,MA1804040,A0937,880
20180319,MA1802924,A0643,550
20180320,MA1800098,A0565,1100
20180320,MA1800403,A1282,880
20180320,MA1805395,A1163,1100
20180320,MA1804805,A0583,110
20180320,MA1806599,A1124,440
20180321,MA1804803,A0715,440
20180321,MA1800486,A1382,440
20180321,MA1803380,A0879,550
20180321,MA1801540,A0427,1100
20180322,MA1808913,A0987,880
20180323,MA1809375,A1095,550
20180323,MA1801677,A0616,440
20180326,MA1804248,A1035,880
20180326,MA1804698,A1249,880
20180326,MA1805144,A0949,220
20180327,MA1809284,A1113,1100
20180327,MA1806622,A0512,440
20180328,MA1805648,A1335,550
20180328,MA1800251,A0864,440
20180328,MA1808393,A1350,880
20180328,MA1808108,A0790,550
20180328,MA1806790,A0826,110
20180328,MA1800295,A0377,440
20180329,MA1801817,A1188,550
20180329,MA1805067,A0627,880
20180330,MA1801622,A1387,1100
20180330,MA1807567,A0404,880
20180330,MA1803669,A0567,550
20181001,OC1805183,A1312,880
20181001,OC1806273,A0497,440
20181001,OC1806694,A0878,880
20181001,OC1806942,A0506,440
20181001,OC1808722,A1225,550
20181002,OC1805976,A0673,440
20181002,OC1806016,A1164,220
20181002,OC1806422,A0503,880
20181002,OC1804452,A1345,1100
20181002,OC1809062,A0852,880
20181002,OC1805926,A1018,440
20181002,OC1806551,A0566,220
20181003,OC1804563,A0660,1100
20181003,OC1801388,A0994,1100
20181004,OC1802137,A0442,550
20181004,OC1809378,A1411,440
20181005,OC1808205,A0421,880
20181005,OC1805631,A0777,110
20181005,OC1806639,A0796,1100
20181005,OC1800187,A1120,440
20181005,OC1800183,A0670,550
20181005,OC1803958,A0371,1100
20181005,OC1808093,A1323,550
20181008,OC1807477,A0673,1100
20181009,OC1804640,A1345,550
20181009,OC1807139,A1068,550
20181009,OC1806178,A0607,440
20181009,OC1803661,A0934,1100
20181010,OC1802393,A0504,220
20181010,OC1803073,A0655,440
20181010,OC1804747,A0662,550
20181011,OC1807006,A1236,1100
20181011,OC1800092,A1226,440
20181012,OC1802166,A1258,110
20181012,OC1804983,A0497,550
20181012,OC1800823,A0629,880
20181012,OC1809361,A1129,880
20181012,OC1804180,A1120,1100
20181012,OC1802834,A0616,1100
20181015,OC1808705,A0765,440
20181015,OC1803107,A0869,1100
20181015,OC1802372,A0978,550
20181015,OC1800964,A0808,440
20181016,OC1800338,A0511,550
20181016,OC1801916,A0967,880
20181016,OC1804820,A1163,1100
20181016,OC1804854,A1338,220
20181016,OC1801283,A1254,220
20181016,OC1803884,A0761,440
20181016,OC1804922,A0515,440
20181017,OC1801754,A0993,550
20181017,OC1808753,A1221,1100
20181017,OC1808620,A1316,550
20181017,OC1807093,A0991,550
20181017,OC1808238,A0785,1100
20181017,OC1802187,A0696,440
20181018,OC1807922,A0404,440
20181018,OC1803598,A1067,440
20181018,OC1803370,A1357,1100
20181018,OC1807238,A0673,1100
20181018,OC1808105,A0387,440
20181019,OC1805941,A1149,550
20181019,OC1805291,A0869,550
20181019,OC1801073,A1057,880
20181019,OC1806004,A1193,550
20181022,OC1805021,A1255,880
20181022,OC1802182,A0875,550
20181022,OC1804680,A0773,880
20181022,OC1800551,A0916,220
20181022,OC1809110,A0724,550
20181023,OC1804646,A1408,1100
20181023,OC1807906,A0962,550
20181023,OC1809213,A1058,440
20181023,OC1809345,A1403,440
20181024,OC1804209,A1381,550
20181024,OC1802790,A0630,440
20181024,OC1806310,A0696,1100
20181024,OC1803105,A0997,1100
20181025,OC1805009,A1150,440
20181025,OC1808439,A0892,440
20181025,OC1803036,A1197,440
20181025,OC1806660,A1320,440
20181026,OC1802878,A0884,880
20181026,OC1801314,A0519,440
20181026,OC1806368,A1169,1100
20181026,OC1807106,A1270,550
20181029,OC1807002,A1037,220
20181029,OC1802429,A1120,440
20181029,OC1802727,A0907,1100
20181029,OC1800722,A0495,1100
20181029,OC1807126,A1225,880
20181030,OC1807461,A1406,440
20181030,OC1804695,A1130,1100
20181030,OC1802707,A1091,880
20181030,OC1803337,A0745,1100
20181031,OC1800635,A1296,440
20181031,OC1804031,A0836,880
20181031,OC1807945,A1103,110
20181031,OC1801845,A0997,110
20181031,OC1807909,A1144,880
20181101,NO1803679,A0504,440
20181102,NO1803042,A1001,1100
20181102,NO1800658,A1210,440
20181102,NO1805368,A1163,880
20180102,JA1805574,A1055,220
20180102,JA1800463,A0887,880
20180102,JA1804194,A1089,110
20180103,JA1804867,A0972,880
20180103,JA1804312,A1067,220
20180104,JA1805823,A1062,880
20180105,JA1807218,A1415,880
20180108,JA1802101,A0589,550
20180108,JA1808169,A1169,880
20180108,JA1803479,A0852,550
20180109,JA1807309,A1384,110
20180109,JA1803640,A0786,550
20180109,JA1803112,A0878,880
20180110,JA1805113,A0576,880
20180110,JA1803462,A0432,550
20180111,JA1803712,A1276,550
20180111,JA1802859,A0747,110
20180112,JA1801110,A0375,550
20180112,JA1808517,A1035,550
20180115,JA1800740,A1278,110
20180116,JA1805162,A0771,550
20180117,JA1801444,A1003,880
20180117,JA1800704,A0963,550
20180119,JA1800379,A0930,550
20180122,JA1805675,A1056,550
20180122,JA1804678,A0368,550
20180122,JA1801560,A1388,220
20180122,JA1804358,A1181,880
20180122,JA1801096,A0506,880
20180123,JA1804356,A0890,880
20180124,JA1802903,A0609,550
20180124,JA1801347,A0754,220
20180125,JA1800034,A1408,550
20180125,JA1808622,A0830,220
20180126,JA1808097,A0506,880
20180126,JA1805431,A0819,880
20180126,JA1800407,A1230,550
20180129,JA1801821,A1420,220
20180130,JA1805939,A0747,880
20180131,JA1803910,A1167,550
20180201,FE1806111,A0463,880
20180201,FE1804525,A0557,550
20180202,FE1807058,A0816,550
20180202,FE1808650,A1202,550
20180205,FE1804572,A0643,880
20180206,FE1808664,A0800,550
20180206,FE1800504,A1370,880
20180207,FE1803088,A0531,880
20180207,FE1806683,A1104,880
20180208,FE1808782,A0990,880
20180208,FE1807987,A0994,880
20180209,FE1808921,A1149,880
20180212,FE1809092,A0574,550
20180212,FE1803030,A0633,880
20180213,FE1805345,A1085,880
20180213,FE1801353,A1348,550
20180214,FE1805725,A0513,550
20180215,FE1801099,A0955,550
20180216,FE1800462,A0761,550
20180216,FE1806241,A1191,110
20180216,FE1803334,A0655,550
20180219,FE1807046,A1208,880
20180219,FE1807478,A0982,550
20180220,FE1800433,A1323,220
20180220,FE1803485,A0371,880
20180220,FE1804649,A1092,880
20180221,FE1806230,A0487,220
20180221,FE1803621,A1320,880
20180221,FE1801462,A1014,550
20180222,FE1800190,A0972,550
20180222,FE1806968,A0403,880
20180223,FE1804996,A0933,880
20180226,FE1800674,A0534,550
20180227,FE1806180,A1056,110
20180227,FE1808960,A0401,220
20180227,FE1806534,A0557,550
20180227,FE1805400,A0633,550
20180228,FE1802824,A0493,110
20180301,MA1800011,A0880,110
20181101,NO1805603,A1014,880
20181102,NO1809070,A0870,220
20181102,NO1808837,A0738,550
20181105,NO1803822,A0593,880
20181105,NO1802383,A1353,880
20181105,NO1807485,A1179,220
20181106,NO1802537,A1358,550
20181107,NO1807633,A0519,880
20181108,NO1806951,A1359,220
20181108,NO1806679,A1195,110
20181108,NO1800879,A0738,880
20181108,NO1807853,A1002,880
20181108,NO1807584,A0747,110
20181109,NO1806545,A0351,880
20181109,NO1803424,A0879,880
20181112,NO1806360,A0880,880
20181112,NO1804417,A0942,880
20181112,NO1805088,A0593,880
20181112,NO1805258,A0470,880
20181113,NO1808172,A0382,110
20181114,NO1805544,A0861,220
20181114,NO1803080,A0574,220
20181114,NO1801202,A0862,550
20181115,NO1800630,A1333,550
20181116,NO1804022,A1064,880
20181119,NO1805344,A1184,550
20181119,NO1800359,A0795,550
20181119,NO1800106,A1221,880
20181121,NO1804980,A1274,110
20181121,NO1803234,A1388,880
20181121,NO1805034,A0904,550
20181122,NO1803625,A1083,550
20181122,NO1807860,A1085,550
20181123,NO1808694,A0821,110
20181126,NO1804305,A0887,550
20181126,NO1800693,A1020,550
20181127,NO1801216,A1232,880
20181128,NO1807974,A1135,220
20181128,NO1809133,A1407,880
20181128,NO1807195,A1187,220
20181129,NO1807214,A1161,880
20181130,NO1804538,A0706,880
20181130,NO1808245,A1027,220
20181203,DE1806389,A1139,110
20181204,DE1807820,A0435,880
20181204,DE1807680,A1014,550
20181204,DE1800039,A1236,220
20181204,DE1800374,A1255,550
20181204,DE1803932,A1089,880
20181207,DE1807892,A1159,880
20181210,DE1808662,A1204,110
20181211,DE1806473,A0387,550
20181212,DE1807746,A0380,880
20181214,DE1803147,A0795,880
20181214,DE1802513,A0916,880
20181217,DE1801277,A0369,550
20181219,DE1804527,A0399,550
20181219,DE1802082,A0795,550
20181220,DE1800731,A1265,110
20181221,DE1807501,A1306,550
20181221,DE1807301,A0873,880
20181221,DE1801539,A0352,880
20181221,DE1802215,A1334,550
20181221,DE1806019,A0659,110
20181224,DE1807374,A0871,550
20181225,DE1802802,A0815,550
20181225,DE1801346,A1301,880
20181225,DE1808525,A1361,550
20181227,DE1805864,A0493,880
20181227,DE1809368,A1193,550
20181227,DE1800620,A1214,880
20181228,DE1805875,A1144,550
20181228,DE1800585,A0862,550
20181228,DE1804196,A1329,880
20181231,DE1803512,A1018,550
20190104,JA1907784,A1057,220
20180103,JA1803502,A0817,1100
20180109,JA1804523,A1316,1100
20180110,JA1800749,A0887,1100
20180111,JA1806559,A0372,1100
20180112,JA1806247,A1161,1100
20180112,JA1802900,A1202,1100
20180116,JA1809058,A0945,1100
20180116,JA1805798,A0528,1100
20180117,JA1803450,A1406,1100
20180122,JA1804785,A0783,1100
20180122,JA1803478,A0429,1100
20180126,JA1806373,A1331,1100
20180126,JA1803378,A0497,1100
20180130,JA1805507,A1118,1100
20180201,FE1805734,A1003,1100
20180201,FE1809150,A1334,1100
20180202,FE1805891,A1038,1100
20180202,FE1806971,A0415,1100
20180205,FE1801766,A0946,1100
20180206,FE1802205,A1103,1100
20180206,FE1805065,A1232,1100
20180208,FE1802055,A0883,1100
20180209,FE1802672,A0420,1100
20180209,FE1801563,A1202,1100
20180209,FE1800297,A0578,1100
20180213,FE1800283,A0393,1100
20180213,FE1800394,A0627,1100
20180216,FE1808019,A1311,1100
20180219,FE1809135,A1076,1100
20180222,FE1803110,A1193,1100
20180222,FE1804202,A1124,1100
20180222,FE1806267,A1110,1100
20180222,FE1809307,A0369,1100
20180222,FE1800150,A0444,1100
20180226,FE1800032,A0847,1100
20180302,MA1804931,A1138,1100
20181102,NO1809053,A0380,1100
20181107,NO1803885,A0403,1100
20181107,NO1802547,A0943,1100
20181108,NO1807538,A1338,1100
20181112,NO1800341,A0747,1100
20181113,NO1805452,A1304,1100
20181113,NO1802629,A1366,1100
20181113,NO1804069,A1278,1100
20181113,NO1804037,A0684,1100
20181116,NO1802641,A0927,1100
20181116,NO1803133,A0931,1100
20181119,NO1805572,A0862,1100
20181119,NO1808094,A1062,1100
20181120,NO1809177,A1390,1100
20181120,NO1808339,A0708,1100
20181122,NO1802510,A1230,1100
20181123,NO1809373,A0815,1100
20181128,NO1804244,A1287,1100
20181128,NO1802344,A0833,1100
20181129,NO1803339,A0695,1100
20181129,NO1800340,A1365,1100
20181129,NO1801887,A1159,1100
20181129,NO1801825,A1197,1100
20181203,DE1803259,A1229,1100
20181203,DE1808376,A1291,1100
20181204,DE1800018,A0377,1100
20181211,DE1807134,A0429,1100
20181211,DE1800583,A1210,1100
20181211,DE1802040,A0922,1100
20181212,DE1808474,A1169,1100
20181213,DE1804628,A0519,1100
20181214,DE1801191,A0997,1100
20181217,DE1806243,A1161,1100
20181220,DE1800410,A1095,1100
20181221,DE1801824,A0670,1100
20181224,DE1800825,A1039,1100
20181228,DE1804720,A0625,1100
20181228,DE1806592,A0694,1100
20181231,DE1804697,A1338,1100
20190101,JA1908188,A0917,1100
20180101,JA1803995,A0620,440
20180102,JA1805224,A0937,440
20180103,JA1808935,A0802,440
20180104,JA1801653,A0990,440
20180105,JA1805474,A0350,440
20180108,JA1808812,A0864,440
20180111,JA1805252,A0890,440
20180112,JA1801779,A1206,440
20180112,JA1804925,A0686,440
20180115,JA1804575,A0679,440
20180115,JA1800081,A1092,440
20180116,JA1805004,A0382,440
20180117,JA1806108,A0464,440
20180117,JA1802663,A0701,440
20180122,JA1807586,A0550,440
20180123,JA1803244,A0864,440
20180123,JA1809358,A1370,440
20180123,JA1801620,A0906,440
20180124,JA1800113,A0884,440
20180125,JA1809266,A1305,440
20180126,JA1806216,A0923,440
20180126,JA1804686,A0990,440
20180126,JA1807644,A0953,440
20180130,JA1800503,A0886,440
20180130,JA1801275,A1319,440
20180130,JA1805502,A0583,440
20180131,JA1807611,A1089,440
20180201,FE1804341,A1059,440
20180201,FE1802637,A0670,440
20180202,FE1806426,A1367,440
20180205,FE1806832,A0512,440
20180205,FE1808139,A0574,440
20180206,FE1800929,A1065,440
20180207,FE1808747,A0550,440
20180208,FE1802355,A0387,440
20180209,FE1807985,A0472,440
20180215,FE1801703,A1055,440
20180216,FE1807600,A1410,440
20180220,FE1803911,A1296,440
20180226,FE1803057,A0764,440
20180226,FE1801668,A0557,440
20180228,FE1805518,A1343,440
20180301,MA1801760,A0940,440
20181102,NO1801712,A0791,440
20181105,NO1807370,A1067,440
20181107,NO1800168,A0637,440
20181107,NO1808211,A0427,440
20181108,NO1803198,A0514,440
20181109,NO1804364,A0506,440
20181113,NO1807988,A0616,440
20181115,NO1803280,A1358,440
20181120,NO1800268,A0642,440
20181120,NO1802143,A1381,440
20181121,NO1805931,A1208,440
20181122,NO1803889,A0642,440
20181126,NO1804158,A1215,440
20181126,NO1806451,A0499,440
20181126,NO1806735,A0472,440
20181126,NO1807439,A0496,440
20181127,NO1801859,A1387,440
20181127,NO1806378,A0941,440
20181129,NO1801752,A0427,440
20181129,NO1802068,A0388,440
20181130,NO1809105,A1197,440
20181203,DE1806720,A1410,440
20181205,DE1806549,A1193,440
20181205,DE1805070,A0458,440
20181206,DE1800709,A0678,440
20181207,DE1806906,A1129,440
20181211,DE1801552,A0406,440
20181211,DE1808959,A0693,440
20181212,DE1808630,A1329,440
20181212,DE1804025,A0990,440
20181212,DE1805829,A1228,440
20181214,DE1804299,A1002,440
20181217,DE1808652,A0495,440
20181219,DE1803883,A0686,440
20181219,DE1801670,A0786,440
20181219,DE1803810,A1345,440
20181220,DE1808367,A0795,440
20181220,DE1800619,A1311,440
20181220,DE1805522,A0673,440
20181221,DE1807147,A1049,440
20181221,DE1806715,A0709,440
20181224,DE1803090,A0607,440
20181224,DE1808452,A1092,440
20181224,DE1800304,A0821,440
20181224,DE1804144,A0836,440
20181224,DE1807967,A0937,440
20181224,DE1804322,A1164,440
20181225,DE1807707,A1249,440
20181225,DE1806489,A0758,440
20181225,DE1808797,A1307,440
20181226,DE1805477,A0744,440
20181227,DE1803922,A1264,440
20181227,DE1801784,A1076,440
20181227,DE1803738,A0704,440
20180402,AP1805837,A0808,1100
20180403,AP1804629,A0761,1100
20180403,AP1807440,A1390,1100
20180406,AP1801530,A0993,1100
20180410,AP1803843,A1239,1100
20180413,AP1807033,A0922,1100
20180416,AP1807590,A1287,1100
20180423,AP1807811,A0690,1100
20180425,AP1803032,A0686,1100
20180425,AP1807570,A0933,1100
20180426,AP1808502,A1419,1100
20180501,MA1806291,A1292,1100
20180501,MA1802682,A0997,1100
20180503,MA1802826,A0678,1100
20180504,MA1800679,A1326,1100
20180507,MA1803127,A0380,1100
20180507,MA1806800,A1089,1100
20180508,MA1804787,A1284,1100
20180508,MA1803050,A0709,1100
20180509,MA1807196,A0745,1100
20180510,MA1808102,A0753,1100
20180511,MA1807038,A0458,1100
20180511,MA1801391,A0375,1100
20180514,MA1809319,A1419,1100
20180516,MA1809292,A0678,1100
20180516,MA1800842,A0493,1100
20180518,MA1807284,A0473,1100
20180522,MA1805307,A0945,1100
20180522,MA1804073,A0602,1100
20180523,MA1809048,A0365,1100
20180523,MA1809250,A0710,1100
20180524,MA1807768,A1360,1100
20180528,MA1807554,A1271,1100
20180530,MA1801878,A1302,1100
20180530,MA1803887,A0987,1100
20180601,JU1804921,A1369,1100
20180606,JU1807720,A0574,1100
20180607,JU1807393,A1036,1100
20180613,JU1803839,A0659,1100
20180613,JU1800690,A1240,1100
20180618,JU1804430,A0351,1100
20180618,JU1806748,A0987,1100
20180619,JU1808254,A0815,1100
20180619,JU1808513,A0686,1100
20180620,JU1802400,A0931,1100
20180621,JU1802292,A0380,1100
20180622,JU1809192,A1292,1100
20180627,JU1801263,A1212,1100
20180627,JU1808746,A1100,1100
20180801,AU1800196,A0800,1100
20180802,AU1806965,A1202,1100
20180802,AU1809145,A1232,1100
20180806,AU1807083,A0536,1100
20180807,AU1803175,A0826,1100
20180807,AU1802244,A0965,1100
20180809,AU1801699,A1407,1100
20180809,AU1800381,A0673,1100
20180809,AU1806794,A0938,1100
20180810,AU1800641,A1212,1100
20180810,AU1800221,A0616,1100
20180813,AU1806341,A1131,1100
20180813,AU1806769,A0869,1100
20180816,AU1801955,A0761,1100
20180817,AU1806553,A0548,1100
20180820,AU1804074,A0504,1100
20180821,AU1808253,A1153,1100
20180823,AU1809252,A1336,1100
20180823,AU1808115,A1306,1100
20180823,AU1806933,A0993,1100
20180824,AU1807222,A0933,1100
20180827,AU1802146,A0930,1100
20180827,AU1802850,A0497,1100
20180831,AU1802775,A1293,1100
20180831,AU1800683,A0795,1100
20180903,SE1803613,A1124,1100
20180905,SE1802435,A1407,1100
20180906,SE1802421,A0815,1100
20180907,SE1800389,A0375,1100
20180907,SE1805694,A0601,1100
20180907,SE1802508,A0382,1100
20180910,SE1808122,A1119,1100
20180912,SE1803842,A1057,1100
20180912,SE1802684,A1334,1100
20180912,SE1807021,A0830,1100
20180912,SE1800490,A0992,1100
20180912,SE1806234,A1163,1100
20180914,SE1800580,A1319,1100
20180914,SE1806012,A0480,1100
20180918,SE1801575,A1118,1100
20180919,SE1807692,A1316,1100
20180926,SE1803185,A0494,1100
20180928,SE1805124,A0963,1100
20180928,SE1804972,A0835,1100
20180403,AP1808235,A1129,880
20180405,AP1803092,A0383,880
20180406,AP1804369,A0525,880
20180410,AP1805404,A0732,880
20180411,AP1805516,A0887,880
20180411,AP1804997,A0567,880
20180413,AP1805003,A1358,880
20180417,AP1802638,A0887,880
20180419,AP1802350,A1265,880
20180419,AP1805630,A0474,880
20180423,AP1803281,A0963,880
20180425,AP1807799,A1260,880
20180427,AP1800240,A0959,880
20180427,AP1807880,A0801,880
20180501,MA1805123,A0609,880
20180501,MA1805807,A1100,880
20180501,MA1801741,A0408,880
20180502,MA1806288,A0932,880
20180502,MA1803675,A0376,880
20180503,MA1803861,A0681,880
20180504,MA1804342,A0708,880
20180507,MA1803431,A1343,880
20180508,MA1801053,A1410,880
20180509,MA1800178,A1018,880
20180509,MA1807717,A1338,880
20180510,MA1805362,A1271,880
20180511,MA1800285,A0943,880
20180511,MA1804233,A1178,880
20180514,MA1808208,A0584,880
20180517,MA1802406,A0785,880
20180524,MA1805042,A0987,880
20180530,MA1804309,A1289,880
20180601,JU1804426,A1307,880
20180601,JU1801270,A1138,880
20180604,JU1805284,A0922,880
20180607,JU1807343,A0411,880
20180608,JU1806405,A0574,880
20180611,JU1801196,A0977,880
20180613,JU1805617,A0943,880
20180613,JU1801428,A1334,880
20180613,JU1808260,A1079,880
20180614,JU1801525,A0792,880
20180614,JU1802374,A1270,880
20180619,JU1808405,A0408,880
20180619,JU1805998,A1119,880
20180625,JU1800325,A0582,880
20180626,JU1806122,A0887,880
20180627,JU1800485,A0918,880
20180627,JU1809089,A1295,880
20180629,JU1806713,A0835,880
20180629,JU1802003,A1258,880
20180730,JU1801867,A0632,880
20180731,JU1804547,A1050,880
20180801,AU1801613,A0900,880
20180801,AU1807385,A0720,880
20180802,AU1805628,A0561,880
20180806,AU1807503,A1029,880
20180809,AU1804399,A0781,880
20180809,AU1805246,A1181,880
20180810,AU1806571,A0790,880
20180813,AU1807809,A1185,880
20180814,AU1807395,A0422,880
20180815,AU1803711,A1406,880
20180817,AU1800161,A0403,880
20180820,AU1808852,A1067,880
20180820,AU1802335,A0610,880
20180822,AU1802104,A1378,880
20180822,AU1806822,A1162,880
20180823,AU1806543,A1186,880
20180823,AU1808683,A0507,880
20180823,AU1808541,A1362,880
20180824,AU1808255,A1212,880
20180827,AU1804552,A0442,880
20180828,AU1808166,A0463,880
20180903,SE1805830,A1210,880
20180903,SE1801892,A0892,880
20180907,SE1808114,A1029,880
20180910,SE1809014,A1190,880
20180912,SE1808011,A0945,880
20180912,SE1804606,A0845,880
20180913,SE1801298,A0507,880
20180914,SE1800316,A1036,880
20180917,SE1801417,A0945,880
20180920,SE1804894,A0919,880
20180921,SE1808514,A1029,880
20180926,SE1803488,A0842,880
20180928,SE1801151,A0900,880
20181002,OC1804988,A0496,880
20180409,AP1804250,A1064,550
20180410,AP1804905,A0763,550
20180410,AP1801523,A0385,550
20180411,AP1804021,A0505,550
20180411,AP1800522,A0502,550
20180412,AP1805500,A0927,550
20180412,AP1800273,A0846,550
20180416,AP1806604,A0945,550
20180417,AP1804578,A0620,550
20180418,AP1805987,A1009,550
20180420,AP1804998,A1089,550
20180424,AP1808681,A1067,550
20180424,AP1809341,A0801,550
20180426,AP1803308,A0428,550
20180427,AP1801504,A1353,550
20180427,AP1808201,A0393,550
20180430,AP1803445,A1381,550
20180503,MA1803476,A1007,550
20180503,MA1803809,A0665,550
20180509,MA1800527,A1204,550
20180510,MA1806609,A0798,550
20180511,MA1801357,A0782,550
20180514,MA1808568,A0744,550
20180514,MA1805715,A0428,550
20180517,MA1805878,A0745,550
20180528,MA1803315,A1182,550
20180530,MA1807761,A0913,550
20180601,JU1805078,A1387,550
20180604,JU1803194,A0665,550
20180604,JU1804500,A0758,550
20180605,JU1803261,A0998,550
20180606,JU1802395,A1079,550
20180606,JU1802183,A0731,550
20180607,JU1801070,A1378,550
20180611,JU1807375,A0722,550
20180611,JU1806238,A0683,550
20180613,JU1803128,A1163,550
20180615,JU1800395,A0655,550
20180615,JU1802308,A0963,550
20180618,JU1800041,A0411,550
20180619,JU1804601,A1110,550
20180621,JU1806598,A0836,550
20180622,JU1807055,A0607,550
20180622,JU1806695,A0919,550
20180626,JU1803199,A0724,550
20180628,JU1800292,A0471,550
20180628,JU1806289,A0845,550
20180808,AU1802220,A0408,550
20180808,AU1808523,A0879,550
20180809,AU1801919,A1104,550
20180809,AU1802214,A1204,550
20180809,AU1804716,A0530,550
20180813,AU1801704,A0480,550
20180814,AU1809093,A0745,550
20180814,AU1808985,A0869,550
20180815,AU1805724,A1153,550
20180816,AU1806652,A1295,550
20180816,AU1806156,A1370,550
20180817,AU1806299,A0745,550
20180817,AU1807748,A0795,550
20180820,AU1803165,A1089,550
20180820,AU1800009,A1116,550
20180821,AU1803230,A1067,550
20180821,AU1806941,A0905,550
20180828,AU1801384,A1062,550
20180828,AU1808059,A0943,550
20180828,AU1801234,A1299,550
20180828,AU1804863,A0497,550
20180831,AU1809039,A0781,550
20180903,SE1804036,A0819,550
20180905,SE1805443,A1279,550
20180905,SE1808119,A1271,550
20180906,SE1807738,A1092,550
20180906,SE1807114,A0869,550
20180912,SE1805804,A0375,550
20180913,SE1808655,A1302,550
20180917,SE1809242,A0884,550
20180919,SE1801849,A1146,550
20180919,SE1809028,A0883,550
20180926,SE1804668,A0933,550
20180926,SE1805698,A1254,550
20180926,SE1806412,A1348,550
20180927,SE1802152,A0952,550
20181003,OC1805169,A1172,550
20180404,AP1806272,A1181,110
20180409,AP1802290,A0781,220
20180411,AP1807639,A1153,220
20180413,AP1800835,A0905,110
20180413,AP1803882,A0504,220
20180420,AP1805274,A1002,220
20180426,AP1806424,A1264,220
20180430,AP1806939,A1415,110
20180501,MA1806284,A0845,110
20180507,MA1804016,A0776,220
20180511,MA1808087,A0466,110
20180515,MA1806399,A1101,220
20180517,MA1805935,A0516,220
20180517,MA1805234,A0891,220
20180524,MA1802703,A0519,110
20180525,MA1806074,A1020,220
20180529,MA1804952,A1029,220
20180615,JU1805944,A0505,110
20180619,JU1805011,A1387,220
20180626,JU1808977,A0436,110
20180801,AU1806425,A0881,220
20180802,AU1808391,A0947,220
20180802,AU1804670,A0424,110
20180806,AU1808227,A0943,220
20180815,AU1803543,A0878,110
20180823,AU1808628,A0376,220
20180829,AU1802345,A1420,220
20180903,SE1801985,A0473,220
20180904,SE1806741,A1003,110
20180907,SE1804852,A0574,110
20180911,SE1809362,A1057,110
20180918,SE1803304,A0762,110
20180919,SE1806379,A1295,110
20180928,SE1803187,A0822,110
20180402,AP1807604,A0445,440
20180404,AP1801899,A1353,440
20180404,AP1808519,A0382,440
20180406,AP1805489,A0695,440
20180410,AP1805785,A0761,440
20180412,AP1801607,A0567,440
20180413,AP1803435,A0953,440
20180413,AP1803792,A0515,440
20180413,AP1800883,A1204,440
20180416,AP1808157,A1278,440
20180417,AP1804651,A1073,440
20180418,AP1803830,A0961,440
20180419,AP1801780,A0944,440
20180419,AP1804275,A0824,440
20180423,AP1808851,A0375,440
20180425,AP1805197,A1337,440
20180427,AP1802584,A1378,440
20180508,MA1804321,A0424,440
20180509,MA1803248,A0542,440
20180514,MA1804544,A1349,440
20180516,MA1807282,A1413,440
20180516,MA1809189,A0534,440
20180517,MA1804783,A0369,440
20180517,MA1800413,A0816,440
20180518,MA1803705,A1413,440
20180518,MA1800860,A1214,440
20180523,MA1804674,A1410,440
20180523,MA1804627,A0762,440
20180529,MA1802890,A0786,440
20180530,MA1807024,A0684,440
20180530,MA1807043,A1290,440
20180531,MA1806456,A0743,440
20180604,JU1801398,A0930,440
20180605,JU1807423,A0807,440
20180607,JU1800157,A1226,440
20180611,JU1803336,A0681,440
20180612,JU1808609,A1208,440
20180612,JU1800633,A0587,440
20180613,JU1807347,A1183,440
20180613,JU1801188,A0955,440
20180613,JU1800750,A1153,440
20180613,JU1802367,A0629,440
20180614,JU1800007,A0738,440
20180614,JU1805232,A0574,440
20180614,JU1801323,A0760,440
20180615,JU1804721,A0878,440
20180615,JU1808381,A0808,440
20180619,JU1807221,A0797,440
20180619,JU1800642,A1137,440
20180619,JU1807283,A0709,440
20180620,JU1802427,A1002,440
20180620,JU1803812,A0801,440
20180621,JU1806366,A1188,440
20180621,JU1806976,A0472,440
20180622,JU1802463,A0990,440
20180626,JU1806847,A1083,440
20180626,JU1802540,A0457,440
20180627,JU1800790,A0701,440
20180730,JU1802787,A0377,440
20180801,AU1802483,A0459,440
20180801,AU1806980,A1237,440
20180803,AU1805556,A1320,440
20180806,AU1807558,A0982,440
20180808,AU1806789,A0852,440
20180809,AU1809255,A0934,440
20180810,AU1802501,A1325,440
20180810,AU1802368,A1065,440
20180810,AU1800623,A0890,440
20180815,AU1806349,A0445,440
20180815,AU1806728,A1302,440
20180815,AU1809166,A0747,440
20180817,AU1805223,A1147,440
20180817,AU1805853,A1416,440
20180821,AU1807845,A0905,440
20180824,AU1802733,A1348,440
20180824,AU1809285,A0550,440
20180827,AU1805077,A1306,440
20180831,AU1801954,A1202,440
20180831,AU1808712,A0601,440
20180903,SE1800480,A0965,440
20180903,SE1803310,A1020,440
20180907,SE1801389,A0993,440
20180913,SE1807104,A1320,440
20180917,SE1801310,A0864,440
20180917,SE1803426,A0895,440
20180918,SE1801803,A0473,440
20180918,SE1802848,A0515,440
20180920,SE1800889,A1098,440
20180924,SE1806994,A0739,440
20180924,SE1807769,A0529,440
20180924,SE1807979,A0879,440
20180925,SE1807787,A1300,440
20180925,SE1807875,A0472,440
20180926,SE1809183,A1366,440
20180926,SE1801317,A1062,440
20180927,SE1804571,A0738,440
20180927,SE1802039,A1282,440
20180927,SE1803916,A1216,440
20181002,OC1808708,A0944,440
20180405,AP1803146,A1362,1320
20180405,AP1808993,A0826,1320
20180406,AP1804955,A0997,1320
20180409,AP1809320,A0816,1320
20180409,AP1800355,A1002,1320
20180409,AP1806758,A0744,1320
20180410,AP1807693,A1413,1320
20180410,AP1806475,A1212,1320
20180411,AP1801676,A1340,1320
20180411,AP1805321,A1072,1320
20180411,AP1808790,A1415,1320
20180411,AP1803389,A1095,1320
20180412,AP1804514,A0949,1320
20180413,AP1801621,A0731,1320
20180413,AP1806077,A1360,1320
20180416,AP1807905,A0821,1320
20180416,AP1809288,A0445,1320
20180416,AP1804403,A0835,1320
20180419,AP1806547,A0742,1320
20180419,AP1805555,A0716,1320
20180423,AP1804585,A0629,1320
20180424,AP1806481,A0947,1320
20180425,AP1807125,A0892,1320
20180425,AP1804532,A1240,1320
20180426,AP1801013,A1130,1320
20180426,AP1801645,A1147,1320
20180427,AP1804795,A1187,1320
20180430,AP1805602,A0892,1320
20180501,MA1803674,A1230,1320
20180501,MA1805733,A1316,1320
20180502,MA1801756,A0350,1320
20180502,MA1801587,A0887,1320
20180502,MA1805764,A0695,1320
20180503,MA1809342,A1272,1320
20180507,MA1803317,A0887,1320
20180509,MA1803007,A0470,1320
20180509,MA1804588,A0992,1320
20180510,MA1800708,A1420,1320
20180514,MA1805365,A0701,1320
20180515,MA1801127,A1305,1320
20180516,MA1803558,A0603,1320
20180517,MA1800553,A1103,1320
20180518,MA1803411,A1017,1320
20180522,MA1801553,A0715,1320
20180522,MA1806997,A0992,1320
20180522,MA1803593,A1100,1320
20180523,MA1801870,A1204,1320
20180524,MA1802886,A1187,1320
20180528,MA1804249,A0703,1320
20180528,MA1801315,A1202,1320
20180528,MA1801828,A0892,1320
20180528,MA1808118,A1409,1320
20180530,MA1800986,A0740,1320
20180531,MA1805797,A1187,1320
20180531,MA1806383,A1065,1320
20180604,JU1805538,A0922,1320
20180604,JU1802896,A0559,1320
20180604,JU1808317,A0438,1320
20180605,JU1804881,A0875,1320
20180605,JU1801531,A0569,1320
20180606,JU1800972,A1257,1320
20180607,JU1806364,A0953,1320
20180607,JU1801694,A1130,1320
20180607,JU1802675,A1163,1320
20180608,JU1807646,A0640,1320
20180611,JU1807324,A0869,1320
20180612,JU1807808,A0408,1320
20180612,JU1806719,A1225,1320
20180613,JU1801152,A0629,1320
20180614,JU1808290,A0845,1320
20180615,JU1801332,A0744,1320
20180618,JU1803665,A0811,1320
20180618,JU1803246,A0576,1320
20180618,JU1803068,A0557,1320
20180620,JU1802509,A0801,1320
20180625,JU1802004,A0786,1320
20180625,JU1800631,A0977,1320
20180626,JU1800760,A0811,1320
20180626,JU1800315,A0845,1320
20180627,JU1806702,A0776,1320
20180628,JU1806552,A0720,1320
20180629,JU1809036,A0426,1320
20180629,JU1806797,A0589,1320
20180731,JU1805305,A0534,1320
20180801,AU1805147,A0632,1320
20180801,AU1808933,A0493,1320
20180802,AU1805200,A0574,1320
20180802,AU1801581,A1305,1320
20180803,AU1800465,A0643,1320
20180808,AU1800767,A1338,1320
20180808,AU1808534,A0795,1320
20180809,AU1800855,A0863,1320
20180810,AU1800956,A1280,1320
20180810,AU1803825,A0480,1320
20180813,AU1803837,A1003,1320
20180814,AU1802237,A1094,1320
20180814,AU1805239,A0616,1320
20180815,AU1800229,A0690,1320
20180815,AU1805481,A0955,1320
20180815,AU1805180,A0512,1320
20180816,AU1806296,A0414,1320
20180817,AU1807685,A1092,1320
20180817,AU1801245,A0922,1320
20180823,AU1808014,A1185,1320
20180823,AU1803644,A0422,1320
20180824,AU1805604,A0988,1320
20180827,AU1800851,A0380,1320
20180827,AU1805471,A1381,1320
20180828,AU1808767,A0369,1320
20180829,AU1801220,A0919,1320
20180829,AU1802246,A1369,1320
20180830,AU1802864,A0657,1320
20180831,AU1809086,A1343,1320
20180903,SE1803925,A0861,1320
20180904,SE1803014,A0716,1320
20180907,SE1800087,A1237,1320
20180907,SE1802651,A0665,1320
20180907,SE1800868,A0512,1320
20180910,SE1801442,A0523,1320
20180910,SE1806745,A0467,1320
20180911,SE1801375,A1057,1320
20180911,SE1805354,A1349,1320
20180912,SE1802679,A1285,1320
20180912,SE1800744,A0480,1320
20180912,SE1804101,A1020,1320
20180913,SE1803521,A1162,1320
20180914,SE1808464,A1179,1320
20180914,SE1803913,A0552,1320
20180914,SE1806525,A0633,1320
20180914,SE1800120,A1069,1320
20180914,SE1802671,A1003,1320
20180917,SE1804970,A1338,1320
20180918,SE1801793,A0802,1320
20180918,SE1808808,A0708,1320
20180918,SE1809069,A1420,1320
20180919,SE1807425,A1175,1320
20180920,SE1805229,A0816,1320
20180924,SE1803460,A0495,1320
20180925,SE1806116,A0884,1320
20180927,SE1802001,A0833,1320
20180927,SE1800233,A0747,1320
20180928,SE1802056,A1397,1320
20180928,SE1805899,A1221,1320
20180928,SE1805593,A1215,1320
20180103,JA1805975,A0963,1320
20180104,JA1805214,A0938,1320
20180104,JA1808311,A0410,1320
20180104,JA1803303,A0457,1320
20180105,JA1803126,A0745,1320
20180108,JA1802522,A1159,1320
20180108,JA1803052,A0522,1320
20180109,JA1805276,A1150,1320
20180110,JA1805921,A0525,1320
20180111,JA1802160,A0670,1320
20180115,JA1802258,A0778,1320
20180115,JA1801842,A0945,1320
20180116,JA1808288,A0881,1320
20180117,JA1807378,A0627,1320
20180117,JA1807178,A1115,1320
20180118,JA1802075,A0944,1320
20180122,JA1808706,A0586,1320
20180124,JA1801248,A0961,1320
20180125,JA1807911,A0741,1320
20180125,JA1803762,A1277,1320
20180125,JA1804816,A0583,1320
20180129,JA1808855,A1236,1320
20180131,JA1806225,A1223,1320
20180201,FE1805705,A1124,1320
20180202,FE1804554,A0472,1320
20180205,FE1808438,A1225,1320
20180205,FE1802480,A1311,1320
20180206,FE1804191,A0657,1320
20180206,FE1807329,A0931,1320
20180206,FE1806342,A1129,1320
20180207,FE1803081,A0417,1320
20180207,FE1808915,A1160,1320
20180208,FE1801382,A1106,1320
20180209,FE1802170,A0807,1320
20180209,FE1808881,A1071,1320
20180209,FE1807113,A1013,1320
20180209,FE1808442,A1064,1320
20180209,FE1807081,A0762,1320
20180209,FE1802577,A0670,1320
20180212,FE1802531,A0954,1320
20180213,FE1805091,A1085,1320
20180215,FE1807480,A1362,1320
20180215,FE1804178,A0835,1320
20180216,FE1803113,A0593,1320
20180220,FE1801062,A0824,1320
20180220,FE1802020,A1076,1320
20180221,FE1807917,A0786,1320
20180226,FE1803750,A0990,1320
20180226,FE1803526,A0499,1320
20180228,FE1801342,A0790,1320
20180228,FE1807297,A1254,1320
20180228,FE1807971,A1103,1320
20181030,OC1808041,A1338,1320
20181101,NO1804460,A1330,1320
20181102,NO1802788,A0841,1320
20181102,NO1808449,A1020,1320
20181105,NO1805081,A0798,1320
20181106,NO1801282,A1307,1320
20181107,NO1803945,A0754,1320
20181107,NO1803607,A0444,1320
20181107,NO1807740,A1064,1320
20181108,NO1806831,A0616,1320
20181109,NO1804543,A0970,1320
20181109,NO1802807,A0576,1320
20181112,NO1804230,A0781,1320
20181112,NO1807642,A0696,1320
20181113,NO1806600,A1282,1320
20181113,NO1808312,A0772,1320
20181114,NO1803491,A1325,1320
20181114,NO1805876,A0682,1320
20181114,NO1805869,A0781,1320
20181114,NO1801619,A0357,1320
20181114,NO1805410,A0428,1320
20181114,NO1808843,A0965,1320
20181116,NO1804598,A1256,1320
20181116,NO1800564,A0350,1320
20181119,NO1803311,A1181,1320
20181120,NO1806121,A0428,1320
20181120,NO1805387,A1064,1320
20181121,NO1805446,A1085,1320
20181121,NO1801723,A0720,1320
20181121,NO1800838,A0426,1320
20181121,NO1801627,A1313,1320
20181122,NO1808272,A1337,1320
20181122,NO1804907,A1007,1320
20181126,NO1807122,A0470,1320
20181127,NO1800176,A0742,1320
20181128,NO1800445,A0414,1320
20181128,NO1804435,A0993,1320
20181130,NO1800596,A0352,1320
20181130,NO1803412,A0504,1320
20181204,DE1805925,A1057,1320
20181205,DE1806827,A1346,1320
20181205,DE1800481,A0994,1320
20181206,DE1809264,A0977,1320
20181210,DE1803626,A0731,1320
20181212,DE1802575,A0810,1320
20181213,DE1808786,A1374,1320
20181217,DE1807387,A0502,1320
20181217,DE1800010,A0997,1320
20181218,DE1805374,A0710,1320
20181218,DE1808573,A1297,1320
20181219,DE1806699,A0431,1320
20181219,DE1804217,A1187,1320
20181219,DE1800049,A1020,1320
20181220,DE1807293,A0997,1320
20181221,DE1801170,A1334,1320
20181224,DE1808407,A1116,1320
20181224,DE1805377,A1257,1320
20181224,DE1807805,A1009,1320
20181224,DE1803663,A1054,1320
20181226,DE1802313,A0707,1320
20181227,DE1807587,A1249,1320
20181228,DE1807422,A0894,1320
20181228,DE1809296,A1068,1320
20181228,DE1809321,A0990,1320
20181231,DE1807800,A0627,1320
20190101,JA1901318,A0471,1320
20190101,JA1906624,A0773,1320
20190102,JA1900031,A0467,1320
20190104,JA1906407,A0431,1320
20190104,JA1905154,A1277,1320
20180227,FE1807295,A0534,1320
20180301,MA1806848,A0690,1320
20180302,MA1806330,A0632,1320
20180305,MA1800015,A1050,1320
20180306,MA1807254,A1100,1320
20180306,MA1804374,A0578,1320
20180307,MA1803651,A1323,1320
20180307,MA1802009,A0368,1320
20180308,MA1805693,A0716,1320
20180308,MA1807710,A1326,1320
20180309,MA1809229,A1050,1320
20180312,MA1805233,A0861,1320
20180312,MA1800912,A0480,1320
20180312,MA1803894,A1187,1320
20180313,MA1802125,A0878,1320
20180315,MA1801125,A1020,1320
20180316,MA1805514,A0502,1320
20180316,MA1802047,A1164,1320
20180316,MA1804055,A0965,1320
20180316,MA1806959,A1388,1320
20180316,MA1805112,A1285,1320
20180320,MA1804394,A0743,1320
20180321,MA1808292,A1142,1320
20180322,MA1801983,A1230,1320
20180323,MA1802962,A0445,1320
20180326,MA1801571,A1146,1320
20180328,MA1805737,A1142,1320
20180328,MA1804092,A0387,1320
20180329,MA1802423,A0990,1320
20180702,JU1801759,A1345,1320
20180702,JU1804917,A0796,1320
20180702,JU1803065,A0975,1320
20180703,JU1806522,A0586,1320
20180703,JU1807001,A1390,1320
20180704,JU1800544,A0429,1320
20180705,JU1803018,A0462,1320
20180705,JU1804774,A0673,1320
20180705,JU1800173,A1282,1320
20180706,JU1805074,A0952,1320
20180706,JU1800323,A1137,1320
20180709,JU1801929,A1410,1320
20180710,JU1807827,A1029,1320
20180711,JU1803305,A0990,1320
20180713,JU1808931,A0879,1320
20180716,JU1809075,A0749,1320
20180717,JU1806208,A1297,1320
20180719,JU1807774,A1216,1320
20180724,JU1801978,A1251,1320
20180725,JU1801488,A0961,1320
20180727,JU1807601,A1412,1320
20180727,JU1802010,A0811,1320
20180802,AU1801154,A0739,1320
20181001,OC1802840,A0785,1320
20181001,OC1804349,A0531,1320
20181002,OC1807588,A0523,1320
20181003,OC1805434,A1129,1320
20181005,OC1805010,A0586,1320
20181005,OC1806286,A0897,1320
20181008,OC1801888,A1407,1320
20181008,OC1806264,A0569,1320
20181008,OC1800795,A0399,1320
20181010,OC1803576,A0724,1320
20181012,OC1801959,A0627,1320
20181015,OC1806130,A0470,1320
20181015,OC1801944,A1390,1320
20181016,OC1801359,A1329,1320
20181017,OC1804177,A1381,1320
20181017,OC1809260,A0458,1320
20181019,OC1803252,A0861,1320
20181022,OC1806833,A1137,1320
20181023,OC1805038,A1167,1320
20181023,OC1808279,A0445,1320
20181023,OC1801957,A1169,1320
20181024,OC1806042,A0408,1320
20181024,OC1805470,A0763,1320
20181024,OC1806206,A1332,1320
20181026,OC1808450,A1331,1320
20181029,OC1807225,A0506,1320
20181029,OC1808365,A0701,1320
20181030,OC1803297,A0574,1320
20181030,OC1809171,A0879,1320
20181031,OC1808689,A0731,1320
20181031,OC1808745,A0920,1320
20180703,JU1807585,A0694,2376
20180704,JU1804625,A0878,2376
20180706,JU1802683,A0683,2376
20180709,JU1807609,A0641,2376
20180710,JU1803875,A0811,2376
20180710,JU1805383,A0427,2376
20180712,JU1807227,A0694,2376
20180716,JU1802717,A0587,2376
20180717,JU1806972,A1337,2376
20180717,JU1806870,A1047,2376
20180719,JU1807765,A0368,2376
20180719,JU1806635,A0380,2376
20180719,JU1808863,A0830,2376
20180723,JU1802527,A1387,2376
20180724,JU1801050,A1249,2376
20180725,JU1803114,A1056,2376
20180726,JU1808247,A0536,2376
20180726,JU1803393,A0905,2376
20180726,JU1809175,A0632,2376
20180726,JU1803634,A0426,2376
20180727,JU1802769,A1201,2376
20180727,JU1801097,A0464,2376
20180730,JU1808726,A0593,2376
20180731,JU1806751,A1248,2376
20180731,JU1805716,A1139,2376
20180731,JU1801350,A0559,2376
20180802,AU1802485,A1065,2376
20180803,AU1808563,A1316,2376
20180226,FE1805427,A0587,2376
20180301,MA1803766,A1161,2376
20180302,MA1802227,A1326,2376
20180306,MA1805978,A0819,2376
20180307,MA1805506,A0978,2376
20180308,MA1806115,A0798,2376
20180308,MA1807943,A1162,2376
20180309,MA1805281,A0635,2376
20180309,MA1807310,A1037,2376
20180309,MA1805248,A0795,2376
20180309,MA1806009,A0403,2376
20180309,MA1805527,A1236,2376
20180312,MA1808171,A1214,2376
20180314,MA1802803,A1151,2376
20180315,MA1804704,A0414,2376
20180315,MA1802891,A1307,2376
20180316,MA1805796,A0414,2376
20180316,MA1807322,A1029,2376
20180319,MA1801953,A1277,2376
20180319,MA1805747,A0502,2376
20180320,MA1805914,A0925,2376
20180321,MA1805666,A0778,2376
20180321,MA1806496,A1270,2376
20180321,MA1802828,A0826,2376
20180322,MA1805849,A1406,2376
20180323,MA1804719,A1360,2376
20180326,MA1804673,A0493,2376
20180327,MA1806212,A1341,2376
20180327,MA1806285,A1278,2376
20180328,MA1808505,A0665,2376
20180328,MA1807865,A0633,2376
20180329,MA1801933,A0657,2376
20180330,MA1800536,A0838,2376
20181001,OC1802454,A1094,2376
20181001,OC1804971,A1064,2376
20181001,OC1805465,A0450,2376
20181002,OC1803492,A1277,2376
20181004,OC1800821,A1049,2376
20181005,OC1806901,A0657,2376
20181008,OC1800936,A0371,2376
20181008,OC1808300,A0415,2376
20181009,OC1802542,A1345,2376
20181009,OC1801665,A1120,2376
20181009,OC1807999,A0763,2376
20181009,OC1806134,A0480,2376
20181010,OC1806562,A1101,2376
20181010,OC1808000,A1139,2376
20181011,OC1805440,A1345,2376
20181012,OC1802199,A0776,2376
20181012,OC1804597,A0880,2376
20181012,OC1800582,A0749,2376
20181015,OC1807359,A1110,2376
20181015,OC1807026,A0799,2376
20181015,OC1803040,A1361,2376
20181017,OC1803102,A0778,2376
20181018,OC1802118,A0850,2376
20181018,OC1803585,A1419,2376
20181019,OC1807552,A1020,2376
20181022,OC1804283,A1078,2376
20181022,OC1808142,A0877,2376
20181022,OC1805254,A1412,2376
20181023,OC1809173,A0371,2376
20181024,OC1800688,A0377,2376
20181025,OC1804556,A0637,2376
20181025,OC1800339,A1401,2376
20181026,OC1809240,A1113,2376
20181026,OC1805870,A0835,2376
20181026,OC1804140,A0937,2376
20181026,OC1803969,A0743,2376
20181029,OC1802704,A0514,2376
20181029,OC1801157,A0390,2376
20181029,OC1801218,A1290,2376
20181029,OC1800447,A0607,2376
20181030,OC1809045,A0716,2376
20181031,OC1803053,A1007,2376
20180102,JA1802933,A0764,2376
20180103,JA1804904,A1135,2376
20180105,JA1808484,A0881,2376
20180109,JA1800955,A0892,2376
20180110,JA1800368,A0903,2376
20180112,JA1809230,A1349,2376
20180115,JA1804562,A0796,2376
20180115,JA1808889,A0781,2376
20180117,JA1806073,A1416,2376
20180117,JA1807888,A1212,2376
20180118,JA1809005,A0587,2376
20180118,JA1801833,A0419,2376
20180119,JA1808430,A0681,2376
20180122,JA1805358,A1285,2376
20180123,JA1800764,A0427,2376
20180124,JA1806718,A0431,2376
20180125,JA1805285,A0616,2376
20180126,JA1806801,A1178,2376
20180129,JA1801084,A0835,2376
20180131,JA1804257,A1002,2376
20180131,JA1803870,A0749,2376
20180131,JA1805277,A1345,2376
20180201,FE1806437,A0852,2376
20180202,FE1808989,A1085,2376
20180202,FE1806859,A0495,2376
20180202,FE1808146,A0693,2376
20180202,FE1801371,A0503,2376
20180202,FE1809152,A1020,2376
20180206,FE1801608,A0987,2376
20180207,FE1808883,A0996,2376
20180207,FE1800118,A1265,2376
20180209,FE1808386,A1240,2376
20180212,FE1806550,A1419,2376
20180213,FE1804476,A1278,2376
20180213,FE1808542,A0708,2376
20180214,FE1808191,A0836,2376
20180214,FE1805175,A1103,2376
20180215,FE1804717,A0963,2376
20180215,FE1807103,A0463,2376
20180216,FE1806089,A0953,2376
20180220,FE1809223,A0380,2376
20180221,FE1806876,A0481,2376
20180221,FE1806763,A0587,2376
20180221,FE1806764,A1420,2376
20180221,FE1808465,A0842,2376
20180223,FE1808948,A0845,2376
20180227,FE1807521,A1062,2376
20180227,FE1805450,A0495,2376
20180228,FE1804745,A1092,2376
20180301,MA1807466,A1329,2376
20181029,OC1808827,A0552,2376
20181030,OC1804832,A0945,2376
20181105,NO1808761,A0429,2376
20181106,NO1808034,A0963,2376
20181106,NO1801561,A1030,2376
20181107,NO1806975,A1416,2376
20181108,NO1804777,A0977,2376
20181108,NO1800816,A0942,2376
20181108,NO1801871,A0798,2376
20181109,NO1803373,A1282,2376
20181109,NO1800158,A0760,2376
20181113,NO1806242,A0548,2376
20181113,NO1805355,A0576,2376
20181114,NO1803506,A0749,2376
20181114,NO1806315,A0916,2376
20181115,NO1804310,A1410,2376
20181115,NO1803360,A0724,2376
20181115,NO1800249,A1055,2376
20181116,NO1806205,A1343,2376
20181119,NO1800893,A1390,2376
20181119,NO1806955,A0350,2376
20181120,NO1800943,A0927,2376
20181121,NO1802871,A0633,2376
20181121,NO1804699,A1007,2376
20181121,NO1804954,A0861,2376
20181121,NO1808671,A1282,2376
20181123,NO1808335,A0952,2376
20181123,NO1807177,A1292,2376
20181123,NO1805700,A0445,2376
20181126,NO1808316,A1278,2376
20181128,NO1803993,A0655,2376
20181129,NO1800404,A1236,2376
20181130,NO1804976,A0935,2376
20181130,NO1801410,A0879,2376
20181130,NO1804751,A0945,2376
20181130,NO1807412,A1412,2376
20181203,DE1809067,A0771,2376
20181204,DE1806135,A0673,2376
20181205,DE1808207,A0887,2376
20181206,DE1805053,A1363,2376
20181206,DE1800082,A1243,2376
20181206,DE1806429,A1353,2376
20181206,DE1805564,A1329,2376
20181207,DE1804773,A0655,2376
20181210,DE1803229,A0995,2376
20181210,DE1808561,A1369,2376
20181212,DE1808814,A0871,2376
20181213,DE1802083,A0531,2376
20181213,DE1804357,A0697,2376
20181218,DE1800424,A0582,2376
20181218,DE1801174,A0429,2376
20181219,DE1804923,A0431,2376
20181220,DE1806583,A1313,2376
20181221,DE1803455,A1332,2376
20181224,DE1804232,A0487,2376
20181224,DE1803648,A1114,2376
20181224,DE1806636,A0462,2376
20181225,DE1801207,A0927,2376
20181225,DE1805156,A0884,2376
20181225,DE1808136,A1278,2376
20181226,DE1806676,A0505,2376
20181227,DE1803895,A1067,2376
20181227,DE1804451,A1068,2376
20181231,DE1809016,A0415,2376
20181231,DE1802918,A1170,2376
20181231,DE1805347,A0695,2376
20190101,JA1905761,A0927,2376
20190101,JA1905100,A1316,2376
20190101,JA1904201,A1085,2376
20190103,JA1901947,A1110,2376
20180402,AP1809020,A1202,2376
20180403,AP1803929,A1416,2376
20180409,AP1800947,A1153,2376
20180409,AP1803547,A1226,2376
20180410,AP1807606,A0353,2376
20180410,AP1807772,A0457,2376
20180411,AP1802280,A0726,2376
20180411,AP1801545,A0450,2376
20180412,AP1803662,A1193,2376
20180412,AP1802988,A1181,2376
20180412,AP1801407,A0672,2376
20180413,AP1803210,A0718,2376
20180417,AP1801674,A1290,2376
20180418,AP1807332,A0944,2376
20180419,AP1804398,A0852,2376
20180420,AP1807153,A0415,2376
20180423,AP1805056,A0800,2376
20180425,AP1806557,A1131,2376
20180425,AP1807296,A0375,2376
20180430,AP1808307,A1007,2376
20180430,AP1801088,A0994,2376
20180501,MA1807231,A0944,2376
20180501,MA1806780,A1014,2376
20180502,MA1801582,A0810,2376
20180502,MA1801761,A1305,2376
20180502,MA1803835,A0587,2376
20180504,MA1803767,A0762,2376
20180507,MA1804265,A1386,2376
20180507,MA1809197,A1130,2376
20180507,MA1804608,A0693,2376
20180507,MA1801861,A0480,2376
20180508,MA1801804,A0739,2376
20180514,MA1806126,A0965,2376
20180516,MA1805130,A1146,2376
20180518,MA1806754,A0760,2376
20180521,MA1808548,A0931,2376
20180522,MA1808064,A0399,2376
20180522,MA1803850,A0473,2376
20180523,MA1802538,A1271,2376
20180523,MA1800768,A0725,2376
20180524,MA1801791,A0520,2376
20180524,MA1806086,A0377,2376
20180524,MA1806133,A0382,2376
20180525,MA1806097,A0601,2376
20180528,MA1809186,A0828,2376
20180528,MA1805191,A0569,2376
20180528,MA1806263,A1388,2376
20180529,MA1807920,A0686,2376
20180601,JU1807673,A1300,2376
20180605,JU1801116,A0516,2376
20180606,JU1801399,A0427,2376
20180607,JU1804859,A1103,2376
20180608,JU1800272,A0781,2376
20180611,JU1804558,A1116,2376
20180614,JU1801418,A1226,2376
20180615,JU1800814,A1333,2376
20180615,JU1804050,A0686,2376
20180618,JU1804173,A0778,2376
20180618,JU1808770,A0512,2376
20180619,JU1802916,A0586,2376
20180619,JU1804559,A1336,2376
20180619,JU1802473,A0408,2376
20180620,JU1803086,A1133,2376
20180626,JU1807785,A1329,2376
20180627,JU1801271,A1181,2376
20180629,JU1800398,A0679,2376
20180629,JU1808821,A0578,2376
20180801,AU1805834,A1329,2376
20180802,AU1804727,A0456,2376
20180806,AU1805848,A0852,2376
20180807,AU1808697,A0654,2376
20180808,AU1808844,A1337,2376
20180808,AU1801734,A0819,2376
20180810,AU1806602,A1101,2376
20180815,AU1801290,A0795,2376
20180816,AU1805859,A0432,2376
20180816,AU1806223,A0632,2376
20180817,AU1802092,A0802,2376
20180817,AU1805728,A0819,2376
20180820,AU1805325,A0921,2376
20180822,AU1803630,A1009,2376
20180823,AU1806707,A0811,2376
20180827,AU1800987,A1168,2376
20180827,AU1807340,A0720,2376
20180828,AU1806101,A1395,2376
20180828,AU1807279,A0627,2376
20180828,AU1804135,A1232,2376
20180829,AU1805529,A0708,2376
20180831,AU1800080,A0516,2376
20180831,AU1803017,A1395,2376
20180904,SE1807571,A1412,2376
20180905,SE1805805,A1320,2376
20180906,SE1809221,A0539,2376
20180906,SE1801095,A1320,2376
20180907,SE1805414,A0830,2376
20180907,SE1805102,A1103,2376
20180910,SE1800694,A1419,2376
20180910,SE1803038,A1037,2376
20180912,SE1805530,A0574,2376
20180913,SE1805755,A0446,2376
20180913,SE1803047,A1216,2376
20180918,SE1808713,A0880,2376
20180918,SE1808907,A1129,2376
20180919,SE1801737,A0972,2376
20180919,SE1801033,A0403,2376
20180920,SE1805439,A0607,2376
20180920,SE1802077,A1406,2376
20180920,SE1805287,A1103,2376
20180921,SE1808258,A1265,2376
20180921,SE1801901,A0428,2376
20180921,SE1800901,A1254,2376
20180924,SE1801080,A0695,2376
20180924,SE1809023,A1332,2376
20180925,SE1800122,A0716,2376
20180926,SE1802489,A1065,2376
20180926,SE1801735,A0824,2376
20180927,SE1804006,A0865,2376
20180928,SE1805782,A0534,2376
20180928,SE1800510,A1146,2376
20180928,SE1800555,A1334,2376
20180403,AP1807661,A0547,2772
20180404,AP1805134,A0434,2772
20180404,AP1807560,A0371,2772
20180405,AP1803730,A1077,2772
20180406,AP1803204,A1386,2772
20180406,AP1800307,A0497,2772
20180406,AP1807341,A0679,2772
20180409,AP1801918,A1416,2772
20180411,AP1803572,A1181,2772
20180411,AP1803941,A0576,2772
20180413,AP1807362,A0747,2772
20180420,AP1803329,A1311,2772
20180420,AP1800133,A1124,2772
20180423,AP1802863,A1329,2772
20180424,AP1803097,A0497,2772
20180427,AP1800195,A0498,2772
20180503,MA1809325,A0559,2772
20180503,MA1807050,A1092,2772
20180503,MA1803548,A0835,2772
20180508,MA1805590,A0764,2772
20180508,MA1800436,A1254,2772
20180508,MA1802722,A1419,2772
20180509,MA1808559,A0981,2772
20180510,MA1809080,A0616,2772
20180511,MA1800361,A1072,2772
20180516,MA1803486,A0470,2772
20180517,MA1802360,A0781,2772
20180518,MA1805152,A0774,2772
20180522,MA1805093,A0610,2772
20180523,MA1800532,A0736,2772
20180524,MA1800865,A0579,2772
20180530,MA1802293,A1069,2772
20180530,MA1801058,A0743,2772
20180530,MA1804480,A1130,2772
20180531,MA1806603,A1011,2772
20180531,MA1807379,A1265,2772
20180604,JU1802932,A0630,2772
20180604,JU1802915,A0899,2772
20180605,JU1802112,A0531,2772
20180608,JU1806736,A0802,2772
20180613,JU1808724,A0548,2772
20180614,JU1805363,A0458,2772
20180615,JU1801897,A1329,2772
20180618,JU1801669,A0749,2772
20180619,JU1800348,A1320,2772
20180619,JU1802158,A1408,2772
20180622,JU1800078,A1159,2772
20180730,JU1800880,A1236,2772
20180802,AU1802666,A0767,2772
20180802,AU1801269,A1255,2772
20180803,AU1800390,A1062,2772
20180813,AU1804359,A1068,2772
20180813,AU1806810,A1020,2772
20180814,AU1804019,A0457,2772
20180816,AU1809098,A1360,2772
20180817,AU1802794,A0942,2772
20180817,AU1805770,A0503,2772
20180820,AU1804682,A0845,2772
20180821,AU1804323,A1302,2772
20180823,AU1803269,A0414,2772
20180830,AU1801937,A0747,2772
20180903,SE1806757,A1103,2772
20180903,SE1804488,A1362,2772
20180905,SE1800206,A0940,2772
20180906,SE1805852,A1073,2772
20180906,SE1801114,A1089,2772
20180907,SE1800045,A1306,2772
20180911,SE1801171,A0452,2772
20180914,SE1807173,A0978,2772
20180919,SE1804112,A1184,2772
20180920,SE1807164,A0824,2772
20180920,SE1808646,A0497,2772
20180921,SE1805825,A0455,2772
20180925,SE1806140,A1020,2772
20180925,SE1806028,A0655,2772
20180925,SE1808248,A0531,2772
20180928,SE1807436,A1065,2772
20180102,JA1800695,A0843,2772
20180102,JA1805644,A0602,2772
20180104,JA1803783,A0387,2772
20180105,JA1808100,A0807,2772
20180105,JA1802780,A0745,2772
20180109,JA1801026,A1420,2772
20180109,JA1803796,A1285,2772
20180110,JA1807928,A1195,2772
20180112,JA1809241,A0519,2772
20180112,JA1808073,A0716,2772
20180119,JA1803782,A1241,2772
20180119,JA1808781,A1357,2772
20180122,JA1805930,A1103,2772
20180122,JA1800961,A1064,2772
20180122,JA1804782,A0412,2772
20180123,JA1806358,A0633,2772
20180125,JA1807186,A1363,2772
20180131,JA1809046,A1292,2772
20180201,FE1805673,A0423,2772
20180201,FE1808167,A0387,2772
20180201,FE1808776,A1413,2772
20180202,FE1800414,A0355,2772
20180205,FE1802264,A0641,2772
20180206,FE1809043,A0531,2772
20180206,FE1800319,A0954,2772
20180208,FE1808322,A0547,2772
20180208,FE1801258,A1257,2772
20180212,FE1805411,A0375,2772
20180214,FE1807524,A1020,2772
20180214,FE1805475,A0387,2772
20180215,FE1803218,A0769,2772
20180219,FE1806671,A0435,2772
20180223,FE1800967,A0587,2772
20180228,FE1801806,A0982,2772
20180302,MA1808567,A0774,2772
20180302,MA1800877,A0660,2772
20180305,MA1808872,A0648,2772
20180305,MA1805844,A1221,2772
20180305,MA1808328,A1369,2772
20180305,MA1801890,A0963,2772
20180306,MA1808284,A1065,2772
20180309,MA1804940,A1412,2772
20180309,MA1804953,A1343,2772
20180312,MA1803574,A0837,2772
20180312,MA1804307,A1197,2772
20180313,MA1807415,A1385,2772
20180313,MA1803508,A1181,2772
20180313,MA1807094,A0760,2772
20180320,MA1808408,A1009,2772
20180320,MA1800331,A0414,2772
20180323,MA1806354,A0737,2772
20180323,MA1801600,A1142,2772
20180327,MA1804319,A0445,2772
20180328,MA1805687,A0824,2772
20180328,MA1805429,A0781,2772
20180328,MA1803635,A0670,2772
20180330,MA1803274,A0671,2772
20180702,JU1800022,A1255,2772
20180703,JU1801037,A1211,2772
20180703,JU1801194,A1133,2772
20180703,JU1801569,A0992,2772
20180704,JU1803898,A1316,2772
20180710,JU1802173,A1257,2772
20180712,JU1800393,A1139,2772
20180713,JU1800478,A0992,2772
20180713,JU1802977,A0977,2772
20180716,JU1801572,A1178,2772
20180717,JU1804381,A0408,2772
20180718,JU1806896,A0774,2772
20180724,JU1804067,A0964,2772
20180725,JU1805090,A0990,2772
20180726,JU1800443,A0436,2772
20180801,AU1802784,A0903,2772
20181001,OC1803523,A1358,2772
20181002,OC1803962,A0456,2772
20181003,OC1802065,A0633,2772
20181005,OC1805827,A0878,2772
20181008,OC1804965,A1331,2772
20181008,OC1800167,A0930,2772
20181009,OC1801689,A0470,2772
20181010,OC1805459,A1390,2772
20181011,OC1802472,A1370,2772
20181011,OC1803720,A0528,2772
20181018,OC1804610,A1419,2772
20181022,OC1802506,A1278,2772
20181023,OC1803534,A1369,2772
20181029,OC1800548,A0655,2772
20181101,NO1808930,A1388,2772
20181101,NO1808858,A1030,2772
20181107,NO1801639,A0587,2772
20181109,NO1803614,A1306,2772
20181112,NO1806793,A1292,2772
20181113,NO1808182,A0607,2772
20181115,NO1803066,A1415,2772
20181116,NO1808663,A1304,2772
20181116,NO1809146,A1146,2772
20181120,NO1804583,A0955,2772
20181121,NO1803681,A0761,2772
20181122,NO1805109,A1037,2772
20181122,NO1808373,A0635,2772
20181123,NO1800732,A0472,2772
20181127,NO1807137,A1362,2772
20181129,NO1803295,A0673,2772
20181130,NO1805578,A1343,2772
20181203,DE1808071,A0897,2772
20181204,DE1802235,A1272,2772
20181206,DE1806501,A1360,2772
20181212,DE1802042,A1390,2772
20181213,DE1807947,A0830,2772
20181220,DE1809253,A1280,2772
20181226,DE1804436,A0505,2772
20181231,DE1801832,A1360,2772
20181231,DE1801235,A1353,2772
20181231,DE1807252,A0641,2772
20180104,JA1805110,A1406,3960
20180104,JA1806154,A1227,3960
20180108,JA1804924,A1176,3960
20180108,JA1804918,A1338,3960
20180109,JA1801067,A1390,3960
20180110,JA1808195,A1362,3960
20180111,JA1807392,A0760,3960
20180111,JA1807812,A0853,3960
20180115,JA1806239,A1162,3960
20180123,JA1804987,A0411,3960
20180123,JA1801992,A0666,3960
20180123,JA1806431,A0816,3960
20180125,JA1800357,A0997,3960
20180129,JA1801840,A0782,3960
20180130,JA1802138,A0906,3960
20180130,JA1805795,A0352,3960
20180205,FE1802590,A1313,3960
20180205,FE1803804,A1403,3960
20180206,FE1804264,A1035,3960
20180213,FE1801183,A0470,3960
20180213,FE1809076,A0356,3960
20180215,FE1802655,A0609,3960
20180219,FE1801566,A1290,3960
20180220,FE1806563,A0815,3960
20180301,MA1803917,A0642,3960
20180302,MA1808546,A1054,3960
20180305,MA1802225,A0670,3960
20180307,MA1803179,A0878,3960
20180308,MA1800892,A1165,3960
20180314,MA1802995,A0632,3960
20180314,MA1808327,A0965,3960
20180315,MA1800260,A1092,3960
20180322,MA1803164,A1072,3960
20180702,JU1803003,A0988,3960
20180702,JU1804684,A0710,3960
20180705,JU1801935,A1289,3960
20180709,JU1805051,A0816,3960
20180711,JU1804373,A0411,3960
20180713,JU1805211,A0992,3960
20180713,JU1803573,A0781,3960
20180717,JU1800587,A1172,3960
20180718,JU1806788,A0529,3960
20180719,JU1805231,A1255,3960
20180720,JU1802018,A0690,3960
20180724,JU1800051,A0934,3960
20180725,JU1806761,A0412,3960
20180731,JU1804507,A0432,3960
20180731,JU1804048,A0808,3960
20180803,AU1804401,A0925,3960
20181001,OC1802096,A1216,3960
20181002,OC1808086,A0951,3960
20181010,OC1805707,A1232,3960
20181011,OC1804728,A0412,3960
20181015,OC1805543,A0905,3960
20181017,OC1805339,A1286,3960
20181019,OC1807968,A1402,3960
20181022,OC1805380,A0708,3960
20181022,OC1808702,A0808,3960
20181023,OC1803652,A0534,3960
20181024,OC1806640,A0504,3960
20181029,OC1804122,A0584,3960
20181029,OC1807737,A0428,3960
20181031,OC1804806,A0952,3960
20181102,NO1806039,A0732,3960
20181102,NO1808371,A0493,3960
20181107,NO1801186,A0552,3960
20181113,NO1803260,A0764,3960
20181114,NO1806902,A0763,3960
20181116,NO1805216,A0801,3960
20181116,NO1802316,A0869,3960
20181119,NO1806926,A0450,3960
20181120,NO1805866,A0657,3960
20181120,NO1807487,A1085,3960
20181121,NO1805164,A0983,3960
20181123,NO1802829,A1307,3960
20181126,NO1802581,A0670,3960
20181127,NO1807040,A1139,3960
20181127,NO1806664,A0627,3960
20181127,NO1808990,A0515,3960
20181128,NO1807413,A0393,3960
20181129,NO1803499,A0773,3960
20181129,NO1808117,A0798,3960
20181130,NO1800439,A1208,3960
20181203,DE1806461,A0937,3960
20181204,DE1806840,A0411,3960
20181206,DE1803986,A1067,3960
20181207,DE1807489,A0445,3960
20181207,DE1806709,A0523,3960
20181210,DE1801445,A1411,3960
20181210,DE1803580,A1365,3960
20181212,DE1801320,A0884,3960
20181214,DE1805658,A1323,3960
20181217,DE1806905,A0952,3960
20181218,DE1808538,A0892,3960
20181220,DE1803688,A0963,3960
20181226,DE1804926,A1349,3960
20181226,DE1807724,A0428,3960
20190102,JA1908815,A0738,3960
20180404,AP1807716,A0741,3960
20180410,AP1809335,A1341,3960
20180411,AP1801403,A1306,3960
20180416,AP1801906,A1068,3960
20180417,AP1800905,A0605,3960
20180417,AP1807073,A0471,3960
20180420,AP1807360,A0932,3960
20180420,AP1802987,A1136,3960
20180420,AP1802051,A0670,3960
20180420,AP1802580,A1390,3960
20180424,AP1803680,A0835,3960
20180425,AP1808882,A0495,3960
20180501,MA1802342,A0496,3960
20180502,MA1803756,A1333,3960
20180502,MA1801772,A0726,3960
20180502,MA1808784,A1187,3960
20180502,MA1809072,A1265,3960
20180510,MA1805615,A1169,3960
20180511,MA1808336,A0878,3960
20180511,MA1801798,A0522,3960
20180514,MA1800109,A1049,3960
20180514,MA1807770,A1302,3960
20180514,MA1801649,A1197,3960
20180517,MA1808128,A0665,3960
20180518,MA1805195,A0459,3960
20180522,MA1802844,A1125,3960
20180522,MA1806348,A1302,3960
20180524,MA1801693,A1229,3960
20180524,MA1804977,A1188,3960
20180528,MA1804156,A0643,3960
20180530,MA1807262,A1292,3960
20180531,MA1804241,A0997,3960
20180531,MA1800933,A1236,3960
20180601,JU1806770,A0906,3960
20180606,JU1803004,A0742,3960
20180606,JU1803718,A0947,3960
20180606,JU1805114,A0760,3960
20180608,JU1800931,A1335,3960
20180611,JU1801910,A1029,3960
20180614,JU1800615,A1316,3960
20180618,JU1805566,A1020,3960
20180619,JU1806438,A1163,3960
20180620,JU1802622,A1255,3960
20180621,JU1804007,A0801,3960
20180625,JU1805647,A0800,3960
20180629,JU1804091,A0741,3960
20180629,JU1806821,A1260,3960
20180629,JU1802904,A0626,3960
20180730,JU1809090,A0353,3960
20180803,AU1809372,A0438,3960
20180806,AU1800578,A0662,3960
20180809,AU1801516,A0589,3960
20180810,AU1808042,A0625,3960
20180813,AU1809328,A1232,3960
20180814,AU1809018,A1260,3960
20180814,AU1809157,A0458,3960
20180817,AU1802278,A0993,3960
20180820,AU1805426,A0897,3960
20180821,AU1803271,A1062,3960
20180823,AU1801408,A1031,3960
20180828,AU1805188,A1002,3960
20180829,AU1808968,A1419,3960
20180829,AU1807473,A0353,3960
20180830,AU1807756,A1034,3960
20180903,SE1807097,A1338,3960
20180907,SE1803211,A0945,3960
20180907,SE1806808,A0761,3960
20180910,SE1802098,A0945,3960
20180913,SE1803226,A0615,3960
20180913,SE1808579,A0934,3960
20180917,SE1801625,A1274,3960
20180917,SE1807760,A0480,3960
20180917,SE1805820,A1142,3960
20180918,SE1801567,A1185,3960
20180920,SE1801579,A0480,3960
20180925,SE1801914,A0567,3960
20180925,SE1802111,A0801,3960
20180925,SE1804969,A1362,3960
20180103,JA1809208,A0994,4752
20180104,JA1807767,A1343,4752
20180108,JA1809064,A1069,4752
20180108,JA1807730,A1326,4752
20180108,JA1801370,A1316,4752
20180108,JA1807944,A0703,4752
20180123,JA1805580,A0559,4752
20180123,JA1804410,A0505,4752
20180124,JA1805577,A0615,4752
20180125,JA1808996,A0407,4752
20180129,JA1800664,A1329,4752
20180201,FE1800817,A0852,4752
20180202,FE1806511,A1162,4752
20180202,FE1805901,A0922,4752
20180205,FE1808566,A0505,4752
20180213,FE1806217,A1311,4752
20180213,FE1803828,A1338,4752
20180215,FE1804111,A1286,4752
20180216,FE1804842,A1068,4752
20180219,FE1802941,A1271,4752
20180219,FE1801961,A1058,4752
20180220,FE1801244,A0737,4752
20180221,FE1805257,A0703,4752
20180228,FE1803178,A0953,4752
20180301,MA1802654,A1035,4752
20180302,MA1802307,A0593,4752
20180313,MA1805476,A1323,4752
20180314,MA1803037,A1102,4752
20180316,MA1808780,A1076,4752
20180320,MA1801091,A0892,4752
20180321,MA1806688,A1397,4752
20180326,MA1801815,A0972,4752
20180326,MA1807353,A1031,4752
20180327,MA1804444,A0353,4752
20180328,MA1801339,A0513,4752
20180328,MA1801911,A0955,4752
20180329,MA1808640,A0450,4752
20180402,AP1804137,A1311,4752
20180403,AP1809137,A0453,4752
20180403,AP1807837,A0495,4752
20180412,AP1808068,A0724,4752
20180412,AP1807258,A1187,4752
20180413,AP1800169,A1007,4752
20180417,AP1809187,A1168,4752
20180424,AP1805619,A1027,4752
20180425,AP1800356,A1236,4752
20180425,AP1803358,A1090,4752
20180425,AP1806290,A1290,4752
20180427,AP1808112,A1015,4752
20180430,AP1800468,A1058,4752
20180501,MA1801863,A1056,4752
20180502,MA1807992,A1274,4752
20180514,MA1808744,A1240,4752
20180514,MA1801605,A0507,4752
20180515,MA1806529,A0684,4752
20180522,MA1800314,A0853,4752
20180524,MA1800577,A0987,4752
20180529,MA1801228,A1101,4752
20180604,JU1802133,A1290,4752
20180607,JU1802951,A1225,4752
20180607,JU1806523,A0720,4752
20180607,JU1803061,A0408,4752
20180614,JU1808423,A0774,4752
20180615,JU1801368,A1271,4752
20180621,JU1805207,A0771,4752
20180621,JU1802266,A1171,4752
20180621,JU1805532,A0528,4752
20180622,JU1804781,A0640,4752
20180622,JU1808418,A0878,4752
20180622,JU1806390,A0799,4752
20180626,JU1808587,A0633,4752
20180704,JU1807654,A0542,4752
20180704,JU1801765,A1360,4752
20180709,JU1808210,A0792,4752
20180711,JU1806224,A0740,4752
20180713,JU1808653,A1188,4752
20180713,JU1809311,A1062,4752
20180724,JU1804029,A1335,4752
20180724,JU1806417,A0955,4752
20180730,JU1800123,A0583,4752
20180802,AU1804900,A0965,4752
20180806,AU1807190,A1079,4752
20180814,AU1805336,A0670,4752
20180816,AU1807317,A1110,4752
20180817,AU1805591,A0786,4752
20180822,AU1800632,A0706,4752
20180823,AU1800205,A1387,4752
20180827,AU1804687,A1100,4752
20180827,AU1800686,A1282,4752
20180829,AU1802947,A0992,4752
20180903,SE1806292,A0919,4752
20180903,SE1804333,A0632,4752
20180917,SE1803951,A1384,4752
20180920,SE1804506,A1201,4752
20180921,SE1807459,A0706,4752
20180926,SE1809276,A1203,4752
20181001,OC1803869,A0760,4752
20181010,OC1806069,A1244,4752
20181010,OC1800670,A1333,4752
20181016,OC1805251,A0463,4752
20181017,OC1808617,A0352,4752
20181024,OC1804315,A1299,4752
20181024,OC1803641,A1323,4752
20181025,OC1807484,A0399,4752
20181026,OC1800425,A0819,4752
20181102,NO1809370,A0940,4752
20181102,NO1806619,A0679,4752
20181106,NO1803044,A1297,4752
20181107,NO1806687,A1187,4752
20181108,NO1800428,A1146,4752
20181109,NO1800875,A1345,4752
20181112,NO1807300,A0977,4752
20181113,NO1801143,A0965,4752
20181116,NO1800255,A0845,4752
20181121,NO1805025,A1135,4752
20181121,NO1803000,A0559,4752
20181126,NO1809259,A1228,4752
20181126,NO1801725,A1230,4752
20181127,NO1808302,A0797,4752
20181203,DE1803741,A0852,4752
20181203,DE1807690,A1161,4752
20181207,DE1806311,A0798,4752
20181212,DE1807574,A1030,4752
20181217,DE1807451,A1169,4752
20181224,DE1806252,A1309,4752
20181227,DE1804943,A1176,4752
20181228,DE1805821,A0725,4752
20181231,DE1807149,A1030,4752
20180103,JA1800524,A0796,7128
20180104,JA1807651,A1295,7128
20180108,JA1807237,A0684,7128
20180116,JA1808581,A0471,7128
20180116,JA1802887,A0988,7128
20180122,JA1802057,A0412,7128
20180129,JA1806824,A0515,7128
20180202,FE1803386,A0454,7128
20180206,FE1802287,A0513,7128
20180214,FE1803467,A0701,7128
20180220,FE1807096,A0967,7128
20180220,FE1801284,A0901,7128
20180316,MA1805815,A0816,7128
20180328,MA1808192,A0732,7128
20180328,MA1803124,A0821,7128
20180328,MA1808215,A1101,7128
20180330,MA1802033,A1057,7128
20180508,MA1805988,A1228,7128
20180518,MA1805528,A0961,7128
20180523,MA1805552,A0823,7128
20180525,MA1807643,A0927,7128
20180528,MA1806068,A0930,7128
20180529,MA1802442,A1217,7128
20180601,JU1808278,A0890,7128
20180621,JU1808661,A1142,7128
20180625,JU1804620,A0869,7128
20180627,JU1809050,A0802,7128
20180710,JU1808295,A0792,7128
20180712,JU1808304,A1415,7128
20180720,JU1807265,A0761,7128
20180724,JU1800142,A0529,7128
20180724,JU1804834,A0903,7128
20180802,AU1800945,A1318,7128
20180817,AU1805458,A1240,7128
20180821,AU1803997,A0881,7128
20180823,AU1807406,A1049,7128
20180823,AU1801497,A0808,7128
20180828,AU1808763,A1089,7128
20180905,SE1802516,A1388,7128
20180914,SE1800717,A1072,7128
20180921,SE1808875,A1095,7128
20180925,SE1806938,A0875,7128
20180927,SE1800666,A1153,7128
20180928,SE1802373,A1216,7128
20181001,OC1800609,A1272,7128
20181004,OC1803415,A0778,7128
20181005,OC1808236,A1260,7128
20181012,OC1805898,A0419,7128
20181015,OC1806213,A0801,7128
20181016,OC1808200,A1278,7128
20181018,OC1802524,A0756,7128
20181024,OC1808895,A0377,7128
20181024,OC1801876,A0510,7128
20181024,OC1801464,A0387,7128
20181101,NO1800484,A0815,7128
20181108,NO1806508,A1323,7128
20181115,NO1808951,A1313,7128
20181115,NO1803544,A1236,7128
20181116,NO1809061,A0982,7128
20181116,NO1803306,A1204,7128
20181119,NO1808026,A1401,7128
20181127,NO1801204,A0496,7128
20181130,NO1801822,A1144,7128
20181211,DE1808055,A0522,7128
20181212,DE1806536,A0693,7128
20180102,JA1800653,A0408,23760
20180104,JA1802305,A0978,9504
20180110,JA1808213,A0616,9504
20180112,JA1801007,A0953,19800
20180119,JA1807111,A0731,19800
20180122,JA1800115,A1244,19800
20180129,JA1805171,A0510,9504
20180215,FE1803872,A1176,9504
20180216,FE1800859,A0970,11880
20180220,FE1801421,A0945,11880
20180223,FE1804064,A0716,9504
20180223,FE1804489,A1307,11880
20180306,MA1805286,A1410,19800
20180307,MA1807159,A1185,9504
20180314,MA1804501,A0589,11880
20180315,MA1808021,A0987,11880
20180327,MA1806659,A1137,19800
20180328,MA1802911,A1118,19800
20180402,AP1806331,A1130,9504
20180409,AP1807129,A0943,19800
20180410,AP1800589,A0845,9504
20180412,AP1805394,A1299,23760
20180413,AP1804933,A1255,11880
20180417,AP1801001,A0763,19800
20180419,AP1807907,A0467,9504
20180423,AP1807826,A1188,11880
20180423,AP1803818,A1331,19800
20180423,AP1808313,A0415,19800
20180424,AP1800872,A0846,11880
20180426,AP1803170,A1204,11880
20180430,AP1800873,A0554,9504
20180501,MA1806692,A0907,11880
20180502,MA1801972,A1062,19800
20180504,MA1805327,A0427,9504
20180509,MA1801826,A0582,19800
20180510,MA1800063,A1072,19800
20180516,MA1806928,A0808,11880
20180517,MA1800248,A1146,11880
20180518,MA1802512,A1387,23760
20180518,MA1806837,A1412,19800
20180521,MA1802390,A1337,23760
20180523,MA1805119,A1419,19800
20180606,JU1800241,A0853,9504
20180614,JU1800758,A1159,9504
20180615,JU1805196,A0730,23760
20180615,JU1801374,A0494,19800
20180618,JU1806411,A1378,19800
20180619,JU1801597,A0742,9504
20180620,JU1803742,A1319,9504
20180622,JU1801679,A0517,19800
20180625,JU1802462,A1374,11880
20180625,JU1801583,A0745,11880
20180626,JU1805663,A1335,19800
20180626,JU1805635,A0660,19800
20180629,JU1807008,A0808,9504
20180704,JU1800059,A1319,9504
20180704,JU1806371,A0744,11880
20180710,JU1809188,A0887,9504
20180711,JU1805880,A1337,19800
20180711,JU1803010,A0525,23760
20180717,JU1805765,A1209,19800
20180725,JU1800402,A1382,9504
20180802,AU1806008,A0690,11880
20180808,AU1803399,A0883,19800
20180810,AU1808261,A1027,23760
20180814,AU1808038,A1248,23760
20180815,AU1804070,A1305,19800
20180820,AU1805203,A0745,9504
20180831,AU1802312,A0427,19800
20180831,AU1802545,A0927,19800
20180913,SE1807550,A0946,23760
20180919,SE1802204,A1230,23760
20180926,SE1807933,A1390,9504
20180927,SE1804776,A0930,11880
20181002,OC1808686,A0578,11880
20181004,OC1804660,A0365,11880
20181010,OC1807893,A0747,11880
20181011,OC1805350,A1036,11880
20181015,OC1804743,A1349,19800
20181022,OC1801547,A0627,11880
20181022,OC1808076,A1419,11880
20181026,OC1806248,A0462,19800
20181026,OC1807902,A1162,19800
20181026,OC1807087,A0916,23760
20181029,OC1807266,A0764,19800
20181031,OC1809200,A1098,11880
20181101,NO1803546,A0808,19800
20181105,NO1800225,A1101,23760
20181113,NO1802207,A1144,11880
20181120,NO1805302,A0607,9504
20181120,NO1804475,A0517,19800
20181121,NO1804425,A0877,23760
20181128,NO1803458,A1159,11880
20181205,DE1807000,A0842,9504
20181206,DE1808357,A0633,19800
20181210,DE1804276,A0429,11880
20181214,DE1802876,A0977,23760
20181221,DE1802446,A1374,19800
20181226,DE1801830,A0630,11880
20181227,DE1807836,A1236,23760
20181228,DE1807721,A0522,11880
20190101,JA1901056,A0747,9504
20180702,JU1800438,A0878,1584
20180702,JU1800741,A0406,1584
20180702,JU1807942,A1244,1980
20180702,JU1804215,A0955,792
20180702,JU1804573,A0953,396
20180702,JU1800669,A0754,990
20180703,JU1807216,A1236,1584
20180704,JU1801524,A0493,1980
20180704,JU1803324,A0697,1584
20180704,JU1806104,A0916,1980
20180704,JU1801767,A0931,990
20180705,JU1808331,A1292,396
20180706,JU1801565,A0725,1980
20180706,JU1803023,A0500,792
20180706,JU1807695,A0879,792
20180709,JU1800607,A0826,990
20180709,JU1809234,A1360,396
20180709,JU1807032,A0517,792
20180710,JU1808522,A1190,792
20180710,JU1806623,A0422,792
20180710,JU1809112,A0371,1584
20180710,JU1805182,A1307,792
20180711,JU1803723,A0566,990
20180711,JU1800866,A0373,792
20180711,JU1800730,A1285,1980
20180711,JU1808156,A1413,1584
20180711,JU1806727,A0738,198
20180712,JU1801324,A0408,1584
20180713,JU1806355,A0625,792
20180713,JU1806259,A0428,990
20180713,JU1801208,A0742,990
20180713,JU1805480,A0616,198
20180713,JU1803849,A0893,990
20180713,JU1809215,A0529,990
20180713,JU1809165,A0472,198
20180716,JU1802403,A0565,1980
20180716,JU1800497,A0496,990
20180716,JU1802474,A0927,990
20180716,JU1807205,A1254,1584
20180716,JU1804984,A1290,1980
20180717,JU1806393,A1092,1980
20180717,JU1800053,A0827,990
20180717,JU1805135,A0792,198
20180717,JU1803606,A1307,1584
20180717,JU1808314,A1176,1980
20180718,JU1807628,A0720,1980
20180718,JU1804431,A0514,1584
20180718,JU1803425,A0380,1584
20180719,JU1806195,A1244,396
20180719,JU1804095,A0951,792
20180719,JU1800012,A0387,1980
20180720,JU1805378,A0835,792
20180720,JU1807981,A1137,198
20180720,JU1803733,A0842,990
20180720,JU1808973,A1153,990
20180720,JU1803735,A0632,1980
20180720,JU1804423,A0528,792
20180723,JU1804005,A0970,990
20180723,JU1801213,A1092,1584
20180723,JU1805017,A0352,1980
20180724,JU1804848,A1326,396
20180725,JU1807743,A0753,990
20180725,JU1802357,A1406,792
20180725,JU1804142,A0659,198
20180726,JU1808051,A0803,990
20180726,JU1805020,A1369,792
20180726,JU1808179,A0470,792
20180726,JU1801354,A1367,1980
20180727,JU1807546,A1116,792
20180727,JU1803357,A1133,396
20180730,JU1800941,A0993,792
20180730,JU1807990,A0422,792
20180731,JU1807976,A0977,792
20180731,JU1802573,A0431,990
20180731,JU1803109,A0607,396
20180731,JU1803855,A1161,792
20180731,JU1801299,A1367,990
20180226,FE1802062,A1176,1584
20180228,FE1806570,A0744,1584
20180228,FE1805536,A1100,1584
20180301,MA1803084,A0869,1980
20180301,MA1807174,A0457,198
20180301,MA1808062,A0429,990
20180302,MA1809247,A0511,990
20180302,MA1801022,A1142,1980
20180302,MA1807494,A1203,792
20180305,MA1803622,A0690,1980
20180306,MA1808499,A0534,396
20180306,MA1801450,A0380,990
20180306,MA1808090,A1305,396
20180307,MA1803664,A1108,1980
20180307,MA1808116,A0686,1584
20180307,MA1807660,A0742,792
20180307,MA1800282,A0795,1980
20180307,MA1801880,A1408,990
20180308,MA1804260,A1215,1584
20180308,MA1806209,A0942,198
20180308,MA1802418,A1388,1584
20180309,MA1800505,A0592,792
20180309,MA1809324,A0603,792
20180309,MA1804448,A0534,792
20180312,MA1805559,A0703,1584
20180313,MA1805923,A0682,990
20180313,MA1801463,A0716,792
20180313,MA1808443,A0495,1980
20180313,MA1807323,A0519,1980
20180314,MA1801335,A1193,990
20180314,MA1800191,A0792,792
20180314,MA1804883,A0726,990
20180314,MA1807686,A1035,1584
20180314,MA1805606,A0763,990
20180315,MA1806765,A0380,1584
20180315,MA1801042,A0708,396
20180315,MA1803926,A0846,1980
20180315,MA1808772,A1290,792
20180316,MA1803346,A1027,792
20180316,MA1801039,A0864,1980
20180316,MA1809220,A0495,792
20180319,MA1801011,A1035,396
20180319,MA1804839,A0881,1584
20180319,MA1804841,A1100,1584
20180320,MA1804263,A1123,1980
20180320,MA1801142,A0826,990
20180321,MA1804775,A1313,990
20180321,MA1805806,A1370,396
20180321,MA1802415,A1216,792
20180321,MA1809299,A0574,1980
20180321,MA1804246,A0781,990
20180322,MA1801744,A0856,1980
20180322,MA1809178,A0444,1980
20180322,MA1801246,A0522,1980
20180322,MA1801882,A0992,396
20180322,MA1801189,A0738,990
20180323,MA1800072,A1193,1584
20180323,MA1807652,A1183,1584
20180323,MA1804664,A0478,1584
20180323,MA1802046,A0626,1980
20180323,MA1801348,A0419,792
20180323,MA1803734,A0438,792
20180326,MA1803999,A0519,1584
20180326,MA1801503,A1319,1980
20180326,MA1808667,A0403,792
20180326,MA1800951,A1306,1584
20180327,MA1803031,A1236,990
20180327,MA1802944,A0843,990
20180327,MA1802827,A1127,198
20180327,MA1800004,A1323,396
20180327,MA1805953,A0744,990
20180327,MA1808276,A0701,1980
20180328,MA1804203,A1214,990
20180328,MA1801404,A0952,792
20180328,MA1805037,A0495,990
20180329,MA1800586,A1272,990
20180330,MA1807158,A0801,1584
20180330,MA1808550,A1258,792
20180330,MA1800419,A0808,1980
20181001,OC1801458,A0478,1584
20181001,OC1808196,A0670,1584
20181002,OC1802320,A1367,1584
20181002,OC1806662,A1067,396
20181003,OC1803482,A1257,792
20181003,OC1800250,A1348,792
20181003,OC1805253,A0380,1584
20181004,OC1809267,A0693,792
20181004,OC1807243,A1092,198
20181004,OC1800837,A1065,792
20181008,OC1808597,A0741,792
20181008,OC1807015,A0703,1980
20181009,OC1803369,A0795,792
20181010,OC1805492,A1124,1980
20181010,OC1805442,A0932,1980
20181010,OC1807701,A0593,1980
20181010,OC1808637,A1226,1584
20181011,OC1808530,A0883,1584
20181011,OC1803803,A1210,990
20181012,OC1806254,A0415,1980
20181015,OC1802870,A0471,792
20181015,OC1804088,A0836,1980
20181017,OC1805435,A1057,792
20181017,OC1804170,A0796,792
20181018,OC1806615,A0708,1584
20181018,OC1806327,A0393,1980
20181018,OC1806454,A0472,990
20181019,OC1807500,A1204,990
20181019,OC1809269,A1110,792
20181019,OC1808666,A1305,198
20181022,OC1802648,A0679,396
20181022,OC1805788,A1409,990
20181023,OC1805977,A0454,990
20181023,OC1806326,A1252,990
20181023,OC1800661,A0927,792
20181023,OC1803836,A1020,1980
20181024,OC1807105,A1316,792
20181024,OC1802186,A0407,1980
20181025,OC1800281,A0934,1584
20181026,OC1804794,A1175,792
20181026,OC1807782,A0438,396
20181026,OC1804009,A1260,990
20181029,OC1801002,A0506,1584
20181029,OC1802980,A1270,792
20181029,OC1802330,A1370,1584
20181030,OC1808769,A0696,1980
20181030,OC1808987,A0357,792
20181030,OC1803446,A0695,1980
20181031,OC1805482,A0403,792
20181031,OC1806245,A1133,990
20181102,NO1805641,A1257,1980
20180102,JA1804134,A1265,1584
20180102,JA1808424,A0452,1584
20180103,JA1807597,A1101,396
20180104,JA1804113,A0557,396
20180105,JA1804168,A1149,1584
20180108,JA1805217,A1120,396
20180109,JA1804860,A1313,1584
20180110,JA1801939,A1308,1584
20180110,JA1803890,A0771,1584
20180112,JA1806382,A0952,1584
20180115,JA1807167,A0771,1584
20180118,JA1807475,A0505,1584
20180122,JA1804078,A0659,396
20180122,JA1804402,A1265,396
20180122,JA1806328,A0415,396
20180123,JA1807727,A1044,1584
20180123,JA1808190,A1316,1584
20180125,JA1806308,A1142,1584
20180125,JA1802079,A0708,1584
20180129,JA1803904,A0377,1584
20180129,JA1802151,A1133,1584
20180130,JA1806270,A1167,396
20180201,FE1804545,A0629,1584
20180201,FE1800885,A0512,1584
20180201,FE1809168,A1388,1584
20180202,FE1806760,A1159,1584
20180205,FE1807766,A0576,1584
20180205,FE1803371,A0352,1584
20180205,FE1800002,A0382,198
20180206,FE1801673,A0472,198
20180207,FE1806630,A1226,1584
20180207,FE1803867,A0880,1584
20180208,FE1805047,A1102,198
20180208,FE1808404,A0934,198
20180208,FE1800771,A1412,198
20180209,FE1804739,A0583,1584
20180214,FE1808847,A0890,1584
20180214,FE1807449,A0746,1584
20180214,FE1803172,A0942,396
20180215,FE1802533,A0462,1584
20180219,FE1806125,A0654,1584
20180219,FE1803746,A0967,396
20180219,FE1802646,A0495,396
20180222,FE1805545,A1152,1584
20180223,FE1805659,A1153,396
20180227,FE1800831,A1360,1584
20180227,FE1805616,A0830,1584
20180227,FE1806202,A0861,1584
20180227,FE1809205,A0480,198
20180227,FE1806082,A0375,1584
20180228,FE1804744,A1254,396
20180228,FE1800804,A1020,396
20181101,NO1801215,A0587,396
20181102,NO1807053,A0856,396
20181102,NO1808885,A1165,1584
20181102,NO1806953,A0878,1584
20181102,NO1806014,A0408,198
20181102,NO1800226,A0821,396
20181106,NO1801441,A1036,1584
20181106,NO1800090,A0529,1584
20181108,NO1801379,A0357,1584
20181109,NO1802180,A0716,396
20181109,NO1802128,A1313,1584
20181113,NO1806222,A0418,396
20181114,NO1807631,A1388,1584
20181115,NO1804053,A0552,1584
20181115,NO1805071,A1292,198
20181116,NO1806740,A1092,396
20181119,NO1802216,A0505,1584
20181119,NO1803905,A0862,1584
20181119,NO1800667,A0819,396
20181123,NO1800056,A1226,1584
20181123,NO1805576,A0893,1584
20181126,NO1808670,A0610,198
20181126,NO1801338,A1185,198
20181205,DE1805094,A0427,1584
20181205,DE1801281,A0905,396
20181205,DE1804038,A1388,1584
20181207,DE1800491,A0375,1584
20181210,DE1808088,A1228,1584
20181210,DE1806717,A0959,198
20181211,DE1808669,A0632,1584
20181211,DE1804560,A0603,1584
20181213,DE1804882,A1316,396
20181217,DE1801456,A0834,1584
20181217,DE1800048,A1343,1584
20181218,DE1802140,A0809,1584
20181219,DE1805198,A0385,1584
20181220,DE1804799,A1221,1584
20181221,DE1806023,A1142,198
20181224,DE1806787,A0847,198
20181224,DE1801895,A0949,396
20181225,DE1800291,A1038,198
20181225,DE1802856,A1027,1584
20181225,DE1806157,A0473,1584
20181225,DE1802209,A0470,1584
20181226,DE1804236,A1265,1584
20181226,DE1807199,A0569,198
20181227,DE1804897,A1373,198
20181228,DE1805247,A0655,1584
20190101,JA1906860,A1217,1584
20180102,JA1802358,A0824,1980
20180103,JA1801617,A0610,1980
20180103,JA1805043,A0952,1980
20180104,JA1804753,A1337,1980
20180104,JA1802386,A1212,1980
20180110,JA1800914,A0661,1980
20180110,JA1808727,A1323,1980
20180110,JA1806357,A0350,1980
20180111,JA1800563,A0629,1980
20180112,JA1802800,A1337,1980
20180117,JA1806542,A1286,1980
20180126,JA1806448,A0726,1980
20180130,JA1802218,A1047,1980
20180131,JA1800001,A1332,1980
20180131,JA1806711,A1050,1980
20180131,JA1808214,A0454,1980
20180205,FE1804589,A0411,1980
20180205,FE1800434,A1332,1980
20180207,FE1801461,A0466,1980
20180209,FE1804693,A1056,1980
20180213,FE1804729,A1320,1980
20180214,FE1802809,A1305,1980
20180215,FE1808036,A1112,1980
20180219,FE1807618,A0835,1980
20180221,FE1808991,A1390,1980
20180227,FE1807070,A0745,1980
20180228,FE1800862,A0919,1980
20180302,MA1801629,A1381,1980
20181031,OC1800644,A0431,1980
20181101,NO1802976,A1357,1980
20181106,NO1804541,A0845,1980
20181108,NO1801965,A1036,1980
20181109,NO1804465,A0802,1980
20181109,NO1804447,A0863,1980
20181113,NO1805999,A0941,1980
20181114,NO1800594,A1181,1980
20181115,NO1802481,A0952,1980
20181115,NO1801482,A0552,1980
20181120,NO1800581,A1056,1980
20181123,NO1804245,A0961,1980
20181126,NO1800834,A0571,1980
20181126,NO1802431,A0892,1980
20181126,NO1808690,A0795,1980
20181127,NO1803759,A0749,1980
20181204,DE1801414,A0837,1980
20181204,DE1807718,A1248,1980
20181204,DE1805948,A0559,1980
20181205,DE1801355,A0353,1980
20181206,DE1802217,A0853,1980
20181211,DE1807659,A0377,1980
20181211,DE1805006,A0878,1980
20181217,DE1802566,A0762,1980
20181217,DE1801721,A1058,1980
20181217,DE1800977,A1358,1980
20181217,DE1802618,A0530,1980
20181217,DE1804372,A0903,1980
20181218,DE1800687,A0799,1980
20181220,DE1809263,A0636,1980
20181225,DE1809021,A0427,1980
20181226,DE1801268,A1076,1980
20181226,DE1805964,A0683,1980
20181226,DE1800502,A0681,1980
20181228,DE1803975,A0901,1980
20190101,JA1902854,A0452,1980
20180102,JA1804872,A1369,990
20180104,JA1805605,A0764,990
20180104,JA1803012,A0412,990
20180104,JA1800908,A1167,990
20180110,JA1804255,A1167,990
20180111,JA1805969,A1242,990
20180112,JA1801479,A0713,990
20180112,JA1800258,A1370,990
20180112,JA1802975,A1420,990
20180116,JA1800797,A0987,990
20180118,JA1804406,A0946,990
20180119,JA1808079,A1319,990
20180123,JA1800714,A1278,990
20180124,JA1808490,A0970,990
20180124,JA1808432,A0506,990
20180125,JA1804553,A1050,990
20180129,JA1806246,A0890,990
20180130,JA1807274,A1216,990
20180130,JA1808997,A1130,990
20180130,JA1801538,A1130,990
20180130,JA1803518,A1270,990
20180201,FE1802399,A1362,990
20180201,FE1804584,A0853,990
20180202,FE1800737,A1058,990
20180205,FE1805296,A0681,990
20180207,FE1802288,A0655,990
20180208,FE1806677,A0773,990
20180209,FE1808198,A0878,990
20180213,FE1805303,A1296,990
20180213,FE1801860,A1236,990
20180213,FE1806024,A0764,990
20180215,FE1801221,A0821,990
20180216,FE1807525,A1274,990
20180216,FE1803578,A0382,990
20180216,FE1801015,A0428,990
20180220,FE1809303,A0845,990
20180220,FE1801923,A0977,990
20180221,FE1805145,A0761,990
20180221,FE1808685,A1055,990
20180223,FE1804616,A0493,990
20180226,FE1808507,A0438,990
20181102,NO1809118,A0458,990
20181108,NO1808908,A0881,990
20181112,NO1806668,A0436,990
20181113,NO1805444,A0369,990
20181113,NO1801297,A0438,990
20181114,NO1801005,A1311,990
20181115,NO1803497,A1110,990
20181122,NO1801638,A1403,990
20181123,NO1806555,A1064,990
20181123,NO1800656,A0643,990
20181127,NO1803209,A1236,990
20181127,NO1803153,A0428,990
20181128,NO1800624,A1036,990
20181128,NO1800673,A0946,990
20181128,NO1807516,A0905,990
20181129,NO1805108,A1197,990
20181130,NO1801153,A0660,990
20181130,NO1807435,A1204,990
20181203,DE1806276,A1353,990
20181203,DE1805512,A1360,990
20181205,DE1806059,A0380,990
20181206,DE1802029,A1237,990
20181206,DE1805841,A0408,990
20181211,DE1807444,A0892,990
20181213,DE1800298,A1316,990
20181219,DE1806984,A0506,990
20181219,DE1803676,A0633,990
20181220,DE1802791,A1412,990
20181227,DE1802750,A1230,990
20181228,DE1808518,A0503,990
20181231,DE1809181,A0815,990
20181231,DE1803162,A1065,990
20181231,DE1803943,A1307,990
20180103,JA1806924,A0777,792
20180103,JA1808629,A1002,792
20180103,JA1801655,A1306,792
20180104,JA1804251,A0352,792
20180109,JA1806323,A0350,792
20180109,JA1803814,A0826,792
20180110,JA1805490,A0754,792
20180116,JA1805638,A1014,792
20180116,JA1804822,A0412,792
20180116,JA1804106,A0495,792
20180118,JA1808957,A0760,792
20180119,JA1801212,A0401,792
20180119,JA1802830,A1101,792
20180119,JA1809127,A0357,792
20180122,JA1802274,A0744,792
20180123,JA1804784,A0379,792
20180125,JA1809300,A0799,792
20180125,JA1808137,A1035,792
20180125,JA1808257,A0693,792
20180129,JA1800496,A0764,792
20180130,JA1808358,A0997,792
20180130,JA1802822,A1343,792
20180131,JA1800769,A0893,792
20180205,FE1803503,A1110,792
20180207,FE1800377,A0454,792
20180207,FE1804152,A0945,792
20180207,FE1808833,A0419,792
20180212,FE1804271,A1092,792
20180214,FE1802394,A0480,792
20180215,FE1804995,A1343,792
20180216,FE1808947,A0977,792
20180216,FE1800145,A0377,792
20180219,FE1802223,A0815,792
20180219,FE1808101,A0495,792
20180226,FE1802837,A0377,792
20180226,FE1808576,A1197,792
20180227,FE1808007,A0434,792
20180228,FE1808836,A1014,792
20181102,NO1808356,A0352,792
20181105,NO1807086,A1108,792
20181106,NO1800052,A1124,792
20181106,NO1803923,A0883,792
20181107,NO1806919,A0907,792
20181109,NO1808910,A0967,792
20181113,NO1806756,A0862,792
20181115,NO1804671,A0945,792
20181116,NO1800144,A1265,792
20181120,NO1801254,A0625,792
20181120,NO1808506,A1054,792
20181122,NO1803998,A1269,792
20181122,NO1802749,A0385,792
20181123,NO1807874,A1153,792
20181126,NO1804300,A1168,792
20181127,NO1800542,A1412,792
20181128,NO1801809,A1068,792
20181128,NO1808083,A0742,792
20181129,NO1800300,A1161,792
20181203,DE1805583,A1299,792
20181204,DE1806129,A0842,792
20181204,DE1803120,A1390,792
20181205,DE1803232,A0718,792
20181206,DE1804876,A0853,792
20181207,DE1808903,A1039,792
20181211,DE1801781,A0997,792
20181211,DE1803186,A1054,792
20181211,DE1806805,A0587,792
20181213,DE1805812,A0567,792
20181214,DE1801292,A1130,792
20181214,DE1802310,A0610,792
20181214,DE1800854,A0771,792
20181217,DE1807194,A0466,792
20181217,DE1802877,A0661,792
20181219,DE1807696,A0799,792
20181225,DE1808963,A1057,792
20181226,DE1800994,A0961,792
20181226,DE1800696,A0931,792
20181227,DE1800703,A1362,792
20181231,DE1802667,A1103,792
20181231,DE1803853,A1388,792
20190101,JA1902521,A1362,792
20180402,AP1803428,A0566,990
20180402,AP1805813,A1353,990
20180402,AP1808601,A1357,990
20180402,AP1803838,A0922,990
20180404,AP1801486,A1203,990
20180406,AP1805904,A0824,990
20180406,AP1803563,A0445,990
20180406,AP1804273,A0377,990
20180409,AP1801419,A1193,990
20180410,AP1805883,A1334,990
20180411,AP1801652,A1390,990
20180412,AP1809350,A1331,990
20180416,AP1804993,A1079,990
20180417,AP1801147,A1057,990
20180418,AP1806737,A0737,990
20180418,AP1802917,A0927,990
20180418,AP1806684,A0582,990
20180419,AP1800370,A1226,990
20180420,AP1801932,A1403,990
20180424,AP1805803,A1255,990
20180430,AP1803989,A0696,990
20180501,MA1801554,A0513,990
20180504,MA1800507,A1381,990
20180504,MA1800689,A0773,990
20180508,MA1802245,A0892,990
20180509,MA1806227,A0754,990
20180510,MA1808111,A0842,990
20180511,MA1801341,A0978,990
20180514,MA1805589,A0955,990
20180518,MA1809033,A1284,990
20180522,MA1804635,A0497,990
20180523,MA1807471,A0616,990
20180524,MA1807602,A0801,990
20180528,MA1802295,A0906,990
20180528,MA1801989,A1101,990
20180528,MA1808306,A1311,990
20180529,MA1800483,A0528,990
20180531,MA1806052,A0648,990
20180606,JU1801311,A0419,990
20180608,JU1800584,A0737,990
20180608,JU1802189,A0446,990
20180612,JU1802000,A0415,990
20180613,JU1804929,A1297,990
20180614,JU1801203,A0765,990
20180614,JU1800756,A1305,990
20180618,JU1809334,A1137,990
20180618,JU1802753,A0436,990
20180619,JU1803813,A0411,990
20180620,JU1800966,A0679,990
20180620,JU1804748,A1137,990
20180626,JU1807495,A0541,990
20180626,JU1805185,A1073,990
20180629,JU1807927,A1349,990
20180801,AU1804449,A0641,990
20180803,AU1802874,A1123,990
20180806,AU1806920,A0870,990
20180806,AU1804836,A1302,990
20180807,AU1801184,A0464,990
20180807,AU1807108,A0436,990
20180808,AU1800400,A0659,990
20180810,AU1800256,A1073,990
20180810,AU1802567,A1244,990
20180810,AU1804521,A1144,990
20180814,AU1809196,A1142,990
20180827,AU1806811,A1369,990
20180827,AU1806294,A0815,990
20180828,AU1807712,A1133,990
20180829,AU1801304,A0641,990
20180830,AU1806162,A0632,990
20180906,SE1807192,A0684,990
20180910,SE1805479,A0771,990
20180910,SE1803154,A0686,990
20180911,SE1803819,A1030,990
20180911,SE1807818,A1164,990
20180912,SE1803806,A0385,990
20180918,SE1808585,A0428,990
20180919,SE1802371,A0428,990
20180920,SE1807895,A0845,990
20180924,SE1807963,A1387,990
20180924,SE1806767,A1410,990
20180926,SE1803541,A1133,990
20180927,SE1800867,A1146,990
20180928,SE1806356,A0429,990
20181003,OC1806861,A1240,990
20180402,AP1807276,A0393,1980
20180402,AP1805787,A0987,1980
20180403,AP1804397,A0763,1980
20180404,AP1802624,A0944,1980
20180404,AP1805537,A1101,1980
20180405,AP1807829,A1362,1980
20180405,AP1807548,A1362,1980
20180409,AP1804789,A0720,1980
20180410,AP1800016,A1164,1980
20180410,AP1806109,A1116,1980
20180416,AP1807972,A1022,1980
20180418,AP1807007,A0624,1980
20180419,AP1808417,A0933,1980
20180425,AP1807667,A0852,1980
20180425,AP1807872,A0630,1980
20180430,AP1808894,A0953,1980
20180501,MA1806898,A1416,1980
20180502,MA1804742,A0693,1980
20180502,MA1806340,A1003,1980
20180504,MA1800869,A0481,1980
20180504,MA1807464,A0515,1980
20180507,MA1801193,A0731,1980
20180508,MA1808199,A0544,1980
20180509,MA1800743,A0996,1980
20180509,MA1800261,A1020,1980
20180510,MA1802875,A0887,1980
20180510,MA1807636,A0660,1980
20180514,MA1802888,A0772,1980
20180516,MA1801986,A0395,1980
20180518,MA1804793,A1092,1980
20180522,MA1802855,A0436,1980
20180523,MA1804259,A0821,1980
20180524,MA1807869,A0693,1980
20180525,MA1801586,A0893,1980
20180528,MA1804603,A1018,1980
20180528,MA1804586,A0355,1980
20180530,MA1807496,A0987,1980
20180531,MA1804086,A0466,1980
20180601,JU1805503,A0375,1980
20180605,JU1806143,A0350,1980
20180605,JU1807662,A0610,1980
20180608,JU1801548,A0953,1980
20180611,JU1801040,A0972,1980
20180613,JU1802820,A0426,1980
20180614,JU1808539,A0764,1980
20180622,JU1805535,A0655,1980
20180627,JU1807825,A0937,1980
20180627,JU1808494,A0861,1980
20180628,JU1802032,A1236,1980
20180628,JU1803272,A0869,1980
20180629,JU1800976,A0610,1980
20180809,AU1805008,A0975,1980
20180810,AU1809120,A1055,1980
20180814,AU1801406,A0880,1980
20180814,AU1801580,A1027,1980
20180822,AU1809367,A0496,1980
20180822,AU1806558,A0701,1980
20180828,AU1801630,A1319,1980
20180829,AU1807256,A1003,1980
20180829,AU1808280,A1282,1980
20180831,AU1802610,A0496,1980
20180831,AU1809017,A0993,1980
20180831,AU1806260,A0933,1980
20180904,SE1802882,A0582,1980
20180910,SE1803292,A1036,1980
20180913,SE1808293,A0602,1980
20180913,SE1803434,A0707,1980
20180914,SE1801661,A1142,1980
20180918,SE1806182,A0879,1980
20180919,SE1800826,A0436,1980
20180919,SE1804445,A1277,1980
20180919,SE1803173,A0660,1980
20180921,SE1800320,A1420,1980
20180921,SE1801413,A0881,1980
20180924,SE1804197,A0616,1980
20180924,SE1805488,A1153,1980
20180927,SE1804272,A0679,1980
20180928,SE1804723,A1232,1980
20180928,SE1804691,A0965,1980
20180928,SE1807035,A1055,1980
20180402,AP1801706,A0725,1584
20180402,AP1803498,A0616,1584
20180402,AP1801715,A1334,1584
20180404,AP1805793,A1067,1584
20180404,AP1806347,A1003,1584
20180405,AP1803099,A0946,1584
20180411,AP1806466,A0922,1584
20180416,AP1801891,A1202,1584
20180416,AP1805066,A0377,1584
20180419,AP1807619,A0878,1584
20180425,AP1806869,A0811,1584
20180425,AP1804539,A0458,1584
20180425,AP1800215,A1271,1584
20180426,AP1802084,A0846,1584
20180501,MA1801214,A1216,1584
20180502,MA1804450,A0816,1584
20180502,MA1805956,A1202,1584
20180504,MA1803654,A0582,1584
20180507,MA1809283,A1302,1584
20180507,MA1802178,A0458,1584
20180507,MA1809294,A0743,1584
20180510,MA1808291,A0821,1584
20180510,MA1802063,A0557,1584
20180515,MA1805549,A0357,1584
20180515,MA1802946,A1343,1584
20180516,MA1801262,A1187,1584
20180516,MA1804528,A1337,1584
20180516,MA1800472,A0749,1584
20180518,MA1804454,A1130,1584
20180521,MA1801020,A0544,1584
20180524,MA1806013,A1229,1584
20180525,MA1800595,A1320,1584
20180525,MA1802273,A0582,1584
20180530,MA1808648,A1153,1584
20180531,MA1801846,A0679,1584
20180604,JU1800811,A1202,1584
20180605,JU1809228,A0977,1584
20180606,JU1804968,A1255,1584
20180613,JU1800898,A0943,1584
20180613,JU1808756,A1020,1584
20180620,JU1800185,A1164,1584
20180625,JU1803802,A0457,1584
20180628,JU1803768,A0961,1584
20180802,AU1806256,A0853,1584
20180802,AU1804892,A1020,1584
20180806,AU1807798,A1226,1584
20180807,AU1807010,A1248,1584
20180809,AU1805148,A0429,1584
20180813,AU1806541,A0494,1584
20180816,AU1803569,A1278,1584
20180821,AU1804270,A1237,1584
20180822,AU1801288,A0545,1584
20180828,AU1806771,A0854,1584
20180829,AU1809354,A1100,1584
20180903,SE1804927,A1251,1584
20180903,SE1804334,A0640,1584
20180904,SE1806387,A1307,1584
20180910,SE1808802,A1170,1584
20180910,SE1805045,A0946,1584
20180911,SE1809008,A0807,1584
20180917,SE1804362,A0765,1584
20180917,SE1802163,A0681,1584
20180918,SE1803731,A1302,1584
20180920,SE1800397,A1256,1584
20180921,SE1800030,A1144,1584
20180925,SE1803406,A0423,1584
20180927,SE1804221,A1147,1584
20180927,SE1804772,A0383,1584
20180927,SE1809001,A0853,1584
20180928,SE1802926,A1176,1584
20180404,AP1808657,A0673,396
20180404,AP1802746,A1292,198
20180406,AP1808980,A0932,396
20180409,AP1801731,A0982,396
20180411,AP1808308,A0994,396
20180418,AP1803977,A1240,198
20180420,AP1805361,A1407,396
20180423,AP1801994,A0583,198
20180430,AP1806198,A0550,396
20180501,MA1801239,A1101,198
20180504,MA1806055,A0403,396
20180516,MA1807030,A0745,396
20180518,MA1807589,A0561,198
20180521,MA1808440,A0846,396
20180523,MA1805115,A0821,396
20180523,MA1801562,A1337,396
20180524,MA1806866,A1359,396
20180607,JU1807168,A0859,396
20180607,JU1808448,A0515,396
20180611,JU1802503,A1176,396
20180612,JU1805585,A1375,396
20180622,JU1802378,A0785,198
20180625,JU1800808,A1092,396
20180626,JU1804076,A0930,396
20180626,JU1805236,A0463,396
20180626,JU1808924,A0673,198
20180809,AU1806650,A1226,396
20180810,AU1804008,A0761,396
20180822,AU1804279,A0836,396
20180824,AU1807941,A0686,396
20180827,AU1806895,A0865,396
20180829,AU1802571,A0811,396
20180830,AU1809115,A0354,396
20180831,AU1802224,A0824,396
20180905,SE1802952,A0873,198
20180906,SE1802338,A0530,198
20180910,SE1807388,A0847,198
20180911,SE1805312,A0696,396
20180924,SE1809369,A0459,198
20180926,SE1808676,A0703,396
20180927,SE1800648,A0428,198
20180927,SE1800199,A1305,198
20180928,SE1805991,A1381,396
20180402,AP1807267,A1095,792
20180402,AP1802329,A1063,792
20180404,AP1808715,A1285,792
20180405,AP1803122,A1249,792
20180406,AP1807559,A0826,792
20180406,AP1804718,A1413,792
20180409,AP1800937,A0495,792
20180410,AP1803056,A1188,792
20180410,AP1808972,A0761,792
20180413,AP1806686,A0824,792
20180416,AP1801666,A0365,792
20180418,AP1808967,A0803,792
20180419,AP1806992,A1007,792
20180419,AP1802236,A1254,792
20180420,AP1804957,A1307,792
20180423,AP1804887,A1007,792
20180424,AP1803417,A0811,792
20180425,AP1806103,A0720,792
20180426,AP1808277,A1367,792
20180427,AP1802792,A1164,792
20180430,AP1804261,A1416,792
20180501,MA1808771,A1000,792
20180501,MA1800363,A0559,792
20180502,MA1800091,A0607,792
20180502,MA1806320,A1182,792
20180503,MA1803844,A1216,792
20180504,MA1801306,A1323,792
20180511,MA1807791,A1118,792
20180514,MA1801903,A0643,792
20180515,MA1807376,A0854,792
20180517,MA1806974,A1260,792
20180521,MA1806487,A0801,792
20180521,MA1802901,A1118,792
20180523,MA1806418,A1067,792
20180524,MA1800171,A0903,792
20180529,MA1807402,A0630,792
20180531,MA1806017,A1372,792
20180601,JU1805364,A0408,792
20180605,JU1804962,A0955,792
20180607,JU1801898,A0686,792
20180607,JU1805608,A1036,792
20180611,JU1801505,A1182,792
20180611,JU1807235,A0514,792
20180612,JU1808390,A1193,792
20180613,JU1800989,A0988,792
20180614,JU1802326,A0557,792
20180615,JU1800353,A0708,792
20180618,JU1808058,A0720,792
20180619,JU1806637,A1413,792
20180620,JU1802477,A0456,792
20180621,JU1808065,A1345,792
20180621,JU1807049,A0632,792
20180626,JU1808427,A1302,792
20180626,JU1803566,A0884,792
20180628,JU1803416,A1381,792
20180801,AU1807456,A0877,792
20180801,AU1808416,A1202,792
20180801,AU1806197,A1357,792
20180801,AU1804749,A1349,792
20180807,AU1806302,A0627,792
20180808,AU1806891,A0724,792
20180810,AU1808699,A1142,792
20180810,AU1808731,A1370,792
20180813,AU1805316,A0943,792
20180813,AU1808926,A0708,792
20180815,AU1807553,A0438,792
20180815,AU1804502,A0942,792
20180816,AU1802300,A0761,792
20180817,AU1805323,A0781,792
20180820,AU1808022,A0950,792
20180822,AU1801104,A0412,792
20180823,AU1805001,A0881,792
20180824,AU1802275,A1353,792
20180824,AU1800884,A1271,792
20180830,AU1801451,A0918,792
20180830,AU1802024,A0830,792
20180831,AU1804104,A0744,792
20180831,AU1809306,A0862,792
20180904,SE1808121,A0576,792
20180904,SE1804804,A1164,792
20180904,SE1805079,A1078,792
20180906,SE1808403,A1323,792
20180907,SE1803277,A0869,792
20180910,SE1803551,A0743,792
20180912,SE1803864,A1277,792
20180918,SE1804958,A0943,792
20180921,SE1808486,A1402,792
20180921,SE1801024,A0761,792
20181002,OC1805495,A0581,792
20180403,AP1808720,A0852,1072
20180404,AP1801301,A0353,1072
20180405,AP1805483,A0494,1072
20180406,AP1807003,A0897,1072
20180406,AP1808529,A0996,1072
20180413,AP1805657,A0933,1072
20180416,AP1805491,A0548,1072
20180418,AP1802779,A1419,1072
20180419,AP1808341,A1064,1072
20180423,AP1808789,A1316,1072
20180425,AP1809304,A0990,1072
20180426,AP1806043,A0463,1072
20180502,MA1804340,A0747,1072
20180507,MA1805357,A0842,1072
20180510,MA1803967,A1301,1072
20180511,MA1809159,A0500,1072
20180515,MA1807334,A1035,1072
20180518,MA1809301,A0852,1072
20180521,MA1805839,A0429,1072
20180521,MA1802309,A1089,1072
20180522,MA1800681,A0846,1072
20180524,MA1804757,A1204,1072
20180525,MA1803356,A0387,1072
20180525,MA1801596,A0705,1072
20180529,MA1808870,A1274,1072
20180529,MA1808202,A1068,1072
20180604,JU1802058,A0738,1072
20180605,JU1807181,A1032,1072
20180606,JU1809336,A1212,1072
20180608,JU1800858,A0892,1072
20180608,JU1805997,A0990,1072
20180613,JU1802115,A0529,1072
20180614,JU1804089,A0556,1072
20180614,JU1808368,A0377,1072
20180614,JU1800020,A1408,1072
20180619,JU1805468,A0422,1072
20180620,JU1801098,A0534,1072
20180625,JU1807039,A1419,1072
20180627,JU1809185,A1313,1072
20180730,JU1806000,A0649,1072
20180802,AU1805857,A0557,1072
20180803,AU1804849,A1270,1072
20180806,AU1804661,A1062,1072
20180810,AU1809096,A0414,1072
20180813,AU1801513,A1014,1072
20180813,AU1808231,A1407,1072
20180815,AU1802942,A0603,1072
20180816,AU1807679,A1244,1072
20180816,AU1802271,A1232,1072
20180816,AU1801092,A1133,1072
20180817,AU1804119,A0637,1072
20180820,AU1802564,A0722,1072
20180820,AU1802879,A0852,1072
20180827,AU1801257,A0919,1072
20180827,AU1804659,A1348,1072
20180828,AU1806596,A0407,1072
20180828,AU1804705,A0496,1072
20180831,AU1804696,A0403,1072
20180904,SE1800572,A0715,1072
20180904,SE1806879,A0513,1072
20180905,SE1805278,A0905,1072
20180907,SE1800477,A1133,1072
20180910,SE1808129,A0746,1072
20180910,SE1800264,A0993,1072
20180910,SE1805906,A0630,1072
20180912,SE1806081,A0707,1072
20180917,SE1809144,A0350,1072
20180918,SE1808754,A0503,1072
20180919,SE1803159,A0457,1072
20180919,SE1807783,A0625,1072
20180920,SE1800675,A0607,1072
20180921,SE1809380,A1348,1072
20180928,SE1802470,A0353,1072
20181005,OC1809224,A1164,1072
20180403,AP1808768,A1204,2144
20180403,AP1807350,A0620,2144
20180411,AP1801409,A0411,2144
20180412,AP1801434,A0513,2144
20180413,AP1806048,A0972,2144
20180416,AP1807132,A0428,2144
20180420,AP1801028,A0913,2144
20180420,AP1803402,A0993,2144
20180423,AP1806033,A0949,2144
20180424,AP1809322,A0633,2144
20180424,AP1802318,A0946,2144
20180425,AP1807786,A1270,2144
20180425,AP1807325,A0897,2144
20180427,AP1804733,A0519,2144
20180430,AP1800006,A1333,2144
20180430,AP1805386,A0353,2144
20180503,MA1808352,A1092,2144
20180503,MA1801331,A0574,2144
20180503,MA1802620,A0426,2144
20180503,MA1800050,A0990,2144
20180509,MA1801492,A0426,2144
20180509,MA1808783,A0992,2144
20180510,MA1800735,A0906,2144
20180514,MA1800276,A1320,2144
20180515,MA1806186,A0603,2144
20180515,MA1804811,A1237,2144
20180517,MA1802730,A0801,2144
20180518,MA1801401,A0933,2144
20180518,MA1806921,A1054,2144
20180523,MA1803135,A0695,2144
20180528,MA1804994,A0377,2144
20180528,MA1805389,A0607,2144
20180530,MA1808682,A0824,2144
20180530,MA1805895,A0681,2144
20180604,JU1801077,A0522,2144
20180605,JU1807897,A1076,2144
20180608,JU1808366,A0610,2144
20180615,JU1805979,A1130,2144
20180615,JU1808976,A0444,2144
20180622,JU1806006,A0919,2144
20180627,JU1808998,A1197,2144
20180730,JU1805315,A1260,2144
20180801,AU1806608,A1237,2144
20180802,AU1803517,A1413,2144
20180807,AU1806083,A1285,2144
20180810,AU1808230,A0387,2144
20180813,AU1806076,A0737,2144
20180821,AU1803539,A1030,2144
20180821,AU1807729,A0704,2144
20180827,AU1807629,A1331,2144
20180829,AU1809057,A0884,2144
20180829,AU1808571,A1058,2144
20180907,SE1802433,A1146,2144
20180907,SE1808678,A0811,2144
20180910,SE1801141,A1186,2144
20180911,SE1801004,A1065,2144
20180912,SE1806037,A0745,2144
20180912,SE1804412,A0796,2144
20180919,SE1807179,A1212,2144
20180921,SE1800948,A0743,2144
20180921,SE1801439,A1103,2144
20180921,SE1800387,A1416,2144
20180925,SE1805409,A0520,2144
20180926,SE1801227,A1358,2144
20180927,SE1803348,A1089,2144
20180402,AP1804243,A0350,268
20180402,AP1800287,A0458,1340
20180402,AP1806210,A1054,1340
20180403,AP1800058,A1188,1340
20180404,AP1801885,A0461,2680
20180404,AP1800303,A1367,2680
20180404,AP1801611,A1290,2680
20180405,AP1803525,A1236,2680
20180410,AP1800957,A0834,1340
20180410,AP1802491,A1216,1340
20180410,AP1807866,A0627,1340
20180411,AP1801697,A0800,2680
20180411,AP1804530,A1270,536
20180412,AP1804474,A1034,536
20180416,AP1802652,A1415,268
20180416,AP1800556,A1319,1340
20180416,AP1801733,A0978,1340
20180416,AP1802530,A1415,1340
20180417,AP1807632,A0350,2680
20180417,AP1802351,A1290,1340
20180418,AP1808370,A0853,1340
20180420,AP1805637,A1358,1340
20180420,AP1806149,A1413,2680
20180423,AP1807591,A1212,2680
20180424,AP1808044,A0435,2680
20180424,AP1806188,A0945,268
20180424,AP1803811,A1225,1340
20180425,AP1801090,A0796,1340
20180425,AP1806577,A1089,1340
20180426,AP1805613,A1269,2680
20180426,AP1806666,A0399,1340
20180430,AP1808348,A0411,1340
20180501,MA1809248,A0815,536
20180503,MA1804377,A0375,1340
20180503,MA1804458,A0456,2680
20180503,MA1802190,A0842,2680
20180504,MA1808971,A1353,2680
20180504,MA1803515,A0796,2680
20180504,MA1805709,A1265,1340
20180507,MA1806946,A0757,2680
20180507,MA1801493,A0574,2680
20180508,MA1801425,A0993,2680
20180508,MA1801079,A1009,536
20180508,MA1800706,A1159,2680
20180508,MA1808916,A0655,1340
20180510,MA1807133,A1308,536
20180511,MA1809121,A0970,536
20180511,MA1802999,A1147,1340
20180511,MA1808896,A1014,268
20180511,MA1809245,A0576,268
20180514,MA1803781,A1191,2680
20180515,MA1805103,A0773,1340
20180515,MA1806229,A1300,2680
20180517,MA1805413,A1172,1340
20180517,MA1809201,A1334,1340
20180518,MA1805526,A0754,268
20180521,MA1809207,A0731,536
20180521,MA1801148,A0906,2680
20180522,MA1806708,A0716,1340
20180523,MA1800529,A0777,268
20180523,MA1801247,A1171,536
20180528,MA1803166,A1411,536
20180528,MA1807289,A1415,536
20180528,MA1803202,A1029,2680
20180529,MA1803915,A0845,2680
20180529,MA1803466,A0922,2680
20180530,MA1808736,A1386,2680
20180531,MA1805971,A1236,536
20180601,JU1805105,A0399,2680
20180601,JU1809114,A0796,2680
20180601,JU1806826,A0610,2680
20180604,JU1806032,A0990,1340
20180605,JU1806625,A1406,1340
20180606,JU1803456,A0534,2680
20180607,JU1800021,A0935,1340
20180612,JU1802945,A1282,1340
20180614,JU1803001,A1290,2680
20180615,JU1808796,A0944,268
20180615,JU1805618,A0350,1340
20180615,JU1805894,A0493,2680
20180615,JU1801542,A0582,2680
20180615,JU1807157,A1130,1340
20180615,JU1801722,A1092,2680
20180621,JU1803717,A0836,268
20180625,JU1800634,A1286,2680
20180626,JU1808451,A1153,1340
20180626,JU1808999,A0988,536
20180627,JU1802583,A0890,2680
20180628,JU1800779,A1029,2680
20180628,JU1808964,A0843,2680
20180801,AU1806884,A0760,536
20180801,AU1808256,A0800,536
20180802,AU1805575,A0961,536
20180802,AU1807398,A0744,1340
20180807,AU1807830,A0432,536
20180807,AU1806235,A0529,536
20180808,AU1800782,A0934,1340
20180808,AU1801746,A0892,1340
20180808,AU1806139,A1137,1340
20180813,AU1808468,A1304,1340
20180813,AU1807593,A0830,1340
20180813,AU1800944,A1188,2680
20180814,AU1804656,A0530,1340
20180814,AU1802847,A0428,2680
20180815,AU1802457,A0354,268
20180815,AU1805521,A0722,2680
20180815,AU1804669,A0463,2680
20180815,AU1800514,A1416,2680
20180816,AU1805836,A0745,2680
20180820,AU1807849,A1285,1340
20180820,AU1800960,A0811,2680
20180820,AU1800112,A1079,1340
20180820,AU1805280,A0670,2680
20180821,AU1806947,A0422,1340
20180822,AU1803699,A0530,1340
20180827,AU1805776,A1288,536
20180829,AU1808524,A0928,2680
20180829,AU1805456,A1240,2680
20180829,AU1800720,A1331,1340
20180830,AU1804437,A1072,2680
20180831,AU1804385,A0769,1340
20180903,SE1808801,A0420,2680
20180903,SE1806734,A0632,2680
20180904,SE1803608,A0414,2680
20180904,SE1801075,A1307,268
20180905,SE1807445,A0630,2680
20180907,SE1803647,A0826,2680
20180910,SE1806321,A0566,2680
20180910,SE1802611,A0494,2680
20180910,SE1800906,A0962,1340
20180911,SE1800789,A0629,2680
20180912,SE1800104,A1036,536
20180917,SE1807723,A1287,2680
20180918,SE1802424,A1385,2680
20180919,SE1803200,A1388,2680
20180920,SE1805937,A1371,1340
20180921,SE1807229,A0892,536
20180921,SE1805044,A0464,1340
20180921,SE1808904,A0452,1340
20180924,SE1800111,A1101,2680
20180924,SE1801838,A0368,2680
20180925,SE1803936,A1249,1340
20180926,SE1809087,A0928,2680
20180927,SE1805751,A1236,268
20180927,SE1801717,A1329,536
20180927,SE1800153,A0715,536
20180928,SE1802073,A0498,536
20181004,OC1802565,A0916,1340
20180103,JA1804028,A1350,2680
20180105,JA1804886,A1333,2680
20180108,JA1802100,A0399,536
20180108,JA1807306,A0542,268
20180111,JA1801168,A0880,1340
20180111,JA1801951,A0953,536
20180111,JA1805623,A1030,2680
20180111,JA1802736,A1124,2680
20180112,JA1807832,A0421,1340
20180115,JA1801457,A0626,2680
20180116,JA1800646,A1101,2680
20180116,JA1800335,A0720,1340
20180117,JA1809332,A0879,2680
20180122,JA1808810,A0546,1340
20180122,JA1806862,A0581,1340
20180122,JA1801065,A1274,2680
20180122,JA1805405,A1332,2680
20180123,JA1801644,A0940,2680
20180124,JA1802323,A1169,1340
20180125,JA1803055,A1270,2680
20180126,JA1804355,A1257,2680
20180129,JA1802582,A0369,2680
20180130,JA1800508,A0548,2680
20180201,FE1801051,A0905,2680
20180202,FE1809273,A0830,536
20180205,FE1806470,A1132,2680
20180205,FE1803207,A0732,536
20180205,FE1805309,A0406,268
20180206,FE1806967,A1120,1340
20180207,FE1807537,A0744,1340
20180208,FE1800567,A0545,536
20180208,FE1806990,A0955,1340
20180209,FE1808285,A0455,268
20180212,FE1800466,A0997,268
20180213,FE1808725,A1195,2680
20180214,FE1800592,A1129,2680
20180214,FE1805201,A1223,1340
20180214,FE1802835,A0744,1340
20180219,FE1802544,A0684,1340
20180219,FE1808665,A0945,2680
20180219,FE1803422,A0949,1340
20180220,FE1800391,A0927,1340
20180220,FE1805385,A1338,2680
20180221,FE1802615,A1124,2680
20180222,FE1802016,A1178,1340
20180222,FE1800763,A0493,2680
20180222,FE1805886,A0464,2680
20180222,FE1808918,A0385,2680
20180223,FE1807294,A1079,1340
20180226,FE1807620,A0517,2680
20180226,FE1805731,A0944,1340
20180227,FE1805118,A1360,536
20180227,FE1800610,A0387,2680
20180227,FE1809056,A0708,1340
20180228,FE1801387,A1261,1340
20181029,OC1803581,A0988,2680
20181029,OC1804427,A0745,1340
20181102,NO1808839,A1410,2680
20181105,NO1802048,A1142,1340
20181105,NO1809279,A1271,268
20181106,NO1809034,A0796,2680
20181107,NO1803296,A1204,536
20181108,NO1807304,A1120,2680
20181108,NO1800074,A0459,268
20181108,NO1807432,A0852,2680
20181108,NO1806232,A1130,2680
20181108,NO1806560,A1104,1340
20181109,NO1809010,A0808,2680
20181112,NO1807244,A0842,1340
20181112,NO1803341,A0721,268
20181113,NO1808888,A1212,2680
20181113,NO1804868,A1027,1340
20181113,NO1801473,A1065,1340
20181115,NO1805399,A0853,1340
20181115,NO1806307,A0686,1340
20181115,NO1805777,A0996,2680
20181115,NO1809109,A0961,1340
20181119,NO1804769,A0707,2680
20181120,NO1807940,A0837,268
20181121,NO1808181,A1202,2680
20181121,NO1808063,A1311,268
20181122,NO1805244,A0781,2680
20181122,NO1805664,A1103,1340
20181123,NO1801201,A0681,536
20181123,NO1805766,A0897,1340
20181126,NO1803115,A0478,2680
20181126,NO1801943,A0630,2680
20181127,NO1801226,A1274,1340
20181128,NO1804432,A0499,1340
20181128,NO1806865,A0716,1340
20181128,NO1803725,A0690,2680
20181128,NO1800509,A0607,1340
20181128,NO1807921,A1212,268
20181128,NO1803761,A1329,2680
20181130,NO1800766,A1146,1340
20181205,DE1800919,A1302,1340
20181205,DE1804128,A1036,1340
20181206,DE1801305,A1050,2680
20181206,DE1804874,A0742,1340
20181210,DE1804282,A1193,1340
20181212,DE1804947,A0746,1340
20181212,DE1804819,A0593,2680
20181212,DE1806852,A0990,2680
20181213,DE1802906,A0545,268
20181213,DE1802905,A0988,2680
20181217,DE1804033,A1120,2680
20181217,DE1806268,A1212,1340
20181217,DE1803449,A0861,1340
20181218,DE1807958,A1290,2680
20181219,DE1807726,A0387,2680
20181219,DE1808351,A0756,2680
20181220,DE1804169,A1057,2680
20181220,DE1806262,A1036,1340
20181220,DE1804974,A1137,1340
20181221,DE1805264,A1129,2680
20181221,DE1809323,A0630,1340
20181224,DE1807259,A0897,2680
20181224,DE1806989,A0962,2680
20181225,DE1806544,A1161,1340
20181225,DE1805142,A0657,2680
20181226,DE1807383,A0657,1340
20181226,DE1806053,A1144,2680
20181227,DE1803022,A0363,2680
20181227,DE1807303,A0528,536
20181227,DE1806507,A0718,2680
20181228,DE1801626,A0554,1340
20181228,DE1803927,A0438,536
20181228,DE1802354,A0795,2680
20181228,DE1802777,A0933,1340
20181231,DE1807913,A0841,1340
20190101,JA1902257,A1181,2680
20190102,JA1905084,A0922,2680
20180102,JA1800650,A0566,2144
20180104,JA1805811,A0994,2144
20180109,JA1802023,A1419,2144
20180110,JA1802486,A1313,2144
20180112,JA1800608,A0942,2144
20180115,JA1803351,A0513,2144
20180117,JA1808143,A1142,2144
20180118,JA1806151,A0375,2144
20180118,JA1805779,A1064,2144
20180118,JA1806932,A0636,2144
20180122,JA1801017,A0954,2144
20180122,JA1805946,A0395,2144
20180123,JA1802931,A1282,2144
20180124,JA1806443,A0690,2144
20180124,JA1803361,A0517,2144
20180126,JA1808225,A1225,2144
20180129,JA1804679,A0529,2144
20180129,JA1807807,A1332,2144
20180130,JA1802965,A0990,2144
20180131,JA1805075,A1225,2144
20180201,FE1803119,A0783,2144
20180205,FE1805511,A0930,2144
20180208,FE1801875,A0837,2144
20180208,FE1800441,A0429,2144
20180215,FE1803658,A0716,2144
20180215,FE1802164,A1000,2144
20180215,FE1804459,A0487,2144
20180219,FE1807997,A0350,2144
20180221,FE1805068,A0761,2144
20180223,FE1807089,A0796,2144
20180223,FE1805865,A1067,2144
20180226,FE1808508,A1309,2144
20180227,FE1802520,A1120,2144
20180227,FE1808220,A1230,2144
20180227,FE1800163,A0743,2144
20180301,MA1805986,A1255,2144
20181031,OC1800373,A0811,2144
20181101,NO1806084,A0428,2144
20181102,NO1800362,A0897,2144
20181108,NO1801696,A1130,2144
20181108,NO1803420,A0887,2144
20181112,NO1802417,A1223,2144
20181113,NO1800559,A0942,2144
20181114,NO1803978,A0695,2144
20181114,NO1802233,A0869,2144
20181119,NO1809111,A0603,2144
20181123,NO1801707,A0977,2144
20181127,NO1806244,A1411,2144
20181127,NO1806421,A0357,2144
20181128,NO1803513,A0603,2144
20181129,NO1802587,A1406,2144
20181130,NO1801325,A0880,2144
20181204,DE1801252,A0513,2144
20181205,DE1805919,A0977,2144
20181205,DE1800334,A1297,2144
20181205,DE1809085,A1306,2144
20181206,DE1801642,A1130,2144
20181210,DE1806427,A0934,2144
20181210,DE1805888,A1215,2144
20181212,DE1805000,A0659,2144
20181218,DE1804542,A0610,2144
20181218,DE1804326,A0819,2144
20181221,DE1806102,A1193,2144
20181224,DE1805674,A1161,2144
20181225,DE1807612,A0525,2144
20181226,DE1808723,A0350,2144
20181226,DE1805140,A0495,2144
20180102,JA1807207,A1116,1072
20180102,JA1800982,A0743,1072
20180103,JA1809232,A0375,1072
20180104,JA1809000,A0355,1072
20180104,JA1801169,A0965,1072
20180104,JA1802444,A0764,1072
20180108,JA1805607,A0710,1072
20180109,JA1805230,A0545,1072
20180110,JA1804648,A0380,1072
20180111,JA1801308,A0387,1072
20180115,JA1801312,A0665,1072
20180116,JA1808946,A0463,1072
20180116,JA1802694,A0743,1072
20180116,JA1800330,A0967,1072
20180117,JA1809257,A1388,1072
20180118,JA1801802,A0607,1072
20180123,JA1808862,A0713,1072
20180125,JA1801794,A0515,1072
20180125,JA1808941,A1092,1072
20180125,JA1803401,A1412,1072
20180126,JA1801763,A0412,1072
20180126,JA1804267,A1101,1072
20180130,JA1802389,A1370,1072
20180131,JA1803026,A0819,1072
20180131,JA1801714,A0452,1072
20180201,FE1807834,A0519,1072
20180202,FE1800791,A0513,1072
20180206,FE1800329,A0515,1072
20180208,FE1804850,A0686,1072
20180208,FE1806573,A0497,1072
20180212,FE1805106,A0630,1072
20180213,FE1808818,A1374,1072
20180214,FE1800602,A0731,1072
20180215,FE1800086,A0824,1072
20180216,FE1803313,A0890,1072
20180216,FE1802416,A1388,1072
20180219,FE1808383,A0610,1072
20180221,FE1805620,A1265,1072
20180222,FE1808398,A1055,1072
20180223,FE1804935,A0828,1072
20180226,FE1806201,A0632,1072
20180227,FE1802713,A0528,1072
20181102,NO1804079,A0389,1072
20181102,NO1803637,A1161,1072
20181105,NO1805681,A1311,1072
20181106,NO1804878,A0943,1072
20181109,NO1807803,A1009,1072
20181115,NO1805717,A1313,1072
20181115,NO1808860,A1100,1072
20181116,NO1806785,A1382,1072
20181120,NO1807750,A1142,1072
20181121,NO1804991,A1062,1072
20181122,NO1808569,A0906,1072
20181127,NO1802497,A0821,1072
20181128,NO1804657,A1067,1072
20181129,NO1805095,A0693,1072
20181129,NO1807479,A1230,1072
20181205,DE1806691,A0648,1072
20181205,DE1807233,A1297,1072
20181205,DE1807635,A1299,1072
20181210,DE1801460,A0919,1072
20181211,DE1803790,A0795,1072
20181212,DE1800089,A0738,1072
20181214,DE1807641,A1092,1072
20181214,DE1808141,A1290,1072
20181214,DE1802958,A1067,1072
20181217,DE1806996,A1338,1072
20181218,DE1800351,A0615,1072
20181218,DE1804478,A1416,1072
20181224,DE1802556,A0903,1072
20181226,DE1801483,A0529,1072
20181227,DE1803740,A1018,1072
20181228,DE1807344,A0970,1072
20181231,DE1801433,A0945,1072
20181231,DE1808526,A0603,1072
20190102,JA1901868,A0582,1072
20190104,JA1905249,A1100,1072
20180228,FE1806179,A0856,1072
20180301,MA1803754,A0989,1340
20180305,MA1804027,A1168,1340
20180306,MA1806617,A1162,1340
20180306,MA1801624,A0990,2680
20180307,MA1806034,A0547,1072
20180307,MA1802460,A0800,1072
20180308,MA1803045,A0603,1340
20180308,MA1805905,A0964,268
20180308,MA1805541,A1142,2144
20180313,MA1804690,A1387,1072
20180313,MA1802591,A1014,1340
20180313,MA1804902,A0519,1072
20180313,MA1806612,A0382,2144
20180314,MA1802276,A0778,2680
20180314,MA1801285,A0557,2144
20180314,MA1802147,A1057,1072
20180314,MA1809131,A1232,2144
20180314,MA1809254,A1326,1072
20180315,MA1801400,A1381,1340
20180316,MA1806062,A0943,1340
20180316,MA1807241,A0470,2144
20180316,MA1801636,A0990,1072
20180319,MA1801660,A0973,2680
20180319,MA1803197,A1095,1340
20180319,MA1803095,A1169,1072
20180319,MA1806488,A0955,1072
20180319,MA1803696,A0515,2144
20180320,MA1803797,A0421,2144
20180320,MA1807998,A1147,1340
20180320,MA1801032,A0742,1072
20180320,MA1806410,A1178,1340
20180321,MA1805061,A0550,1340
20180321,MA1801150,A1371,2680
20180321,MA1802317,A0853,2144
20180322,MA1806730,A1153,268
20180323,MA1808164,A0569,1340
20180323,MA1804176,A1413,268
20180326,MA1805322,A0630,2144
20180326,MA1806940,A1068,1340
20180326,MA1801265,A0463,2680
20180326,MA1806628,A0884,1340
20180326,MA1808880,A0513,1340
20180327,MA1800807,A1371,1072
20180327,MA1805153,A1058,536
20180328,MA1801698,A0994,1072
20180329,MA1808807,A0842,1072
20180330,MA1808251,A0830,2144
20180330,MA1805708,A1249,2680
20181001,OC1808900,A0641,2680
20181002,OC1803290,A1101,1340
20181002,OC1804470,A1079,2680
20181002,OC1806530,A0745,536
20181003,OC1800350,A1183,268
20181003,OC1808716,A1232,1340
20181003,OC1800376,A1146,1072
20181003,OC1807956,A0760,2144
20181003,OC1803058,A1226,2680
20181003,OC1807838,A1357,2680
20181004,OC1804132,A1381,2144
20181004,OC1801801,A1228,1072
20181005,OC1803217,A1409,2144
20181008,OC1801702,A1114,2680
20181009,OC1802392,A1129,1340
20181009,OC1802656,A1387,1072
20181010,OC1803965,A0897,268
20181010,OC1804821,A0657,1072
20181010,OC1806137,A0641,1340
20181010,OC1809275,A0660,1072
20181011,OC1808849,A1133,2144
20181011,OC1800692,A0881,2144
20181011,OC1803220,A0355,2144
20181011,OC1804801,A1358,2680
20181011,OC1805062,A0893,2144
20181012,OC1802660,A0686,2680
20181015,OC1804950,A0893,2680
20181015,OC1803177,A1297,2144
20181016,OC1800498,A0592,1340
20181016,OC1803468,A0681,1340
20181016,OC1803117,A1159,2680
20181016,OC1805428,A1153,268
20181016,OC1808704,A0686,1340
20181016,OC1807682,A0601,2144
20181017,OC1808109,A0998,1340
20181017,OC1809211,A0419,1072
20181017,OC1806392,A0763,1072
20181017,OC1803487,A0965,1340
20181018,OC1804434,A1100,2680
20181018,OC1802570,A0982,1072
20181019,OC1800294,A1369,1072
20181019,OC1802203,A0816,1072
20181022,OC1803866,A1282,1340
20181022,OC1804768,A1193,2680
20181022,OC1804871,A0801,1072
20181023,OC1806855,A1102,1340
20181023,OC1803264,A0963,268
20181023,OC1806495,A0587,268
20181023,OC1802766,A0897,1072
20181023,OC1800075,A1110,2680
20181024,OC1807747,A1076,2144
20181024,OC1808110,A0952,1072
20181024,OC1802286,A0763,1340
20181025,OC1806337,A1113,1340
20181025,OC1808216,A0781,1340
20181026,OC1802255,A0427,268
20181026,OC1807371,A0673,536
20181029,OC1807386,A0975,2144
20181030,OC1803074,A0892,2144
20181030,OC1802356,A0464,2680
20181030,OC1804490,A0826,1340
20181031,OC1802551,A0403,2680
20181031,OC1805393,A1299,268
20181031,OC1808516,A0387,1340
20181101,NO1804946,A0627,2680
20180102,JA1805069,A1100,12864
20180104,JA1807509,A0408,26800
20180110,JA1801131,A0880,32160
20180110,JA1804311,A1353,9648
20180115,JA1807355,A0403,9648
20180116,JA1805626,A0528,9648
20180117,JA1807861,A0929,12864
20180117,JA1806561,A0982,9648
20180118,JA1808943,A1229,12864
20180122,JA1804636,A1078,26800
20180123,JA1808054,A1137,32160
20180124,JA1800513,A1186,26800
20180125,JA1807871,A1320,12864
20180201,FE1807819,A1225,12864
20180205,FE1805472,A1237,32160
20180206,FE1800228,A0534,16080
20180207,FE1808687,A0372,26800
20180212,FE1800435,A1212,26800
20180214,FE1806863,A0881,9648
20180216,FE1801739,A1093,12864
20180219,FE1801130,A1163,26800
20180219,FE1808045,A1410,12864
20180220,FE1805149,A0616,26800
20180221,FE1803051,A0863,16080
20180221,FE1803600,A0884,26800
20180227,FE1803984,A1323,12864
20180301,MA1806460,A0660,26800
20180302,MA1802768,A0462,9648
20180302,MA1800028,A1002,12864
20180306,MA1803091,A0708,26800
20180308,MA1806674,A0987,9648
20180309,MA1800800,A1120,26800
20180313,MA1802831,A1034,9648
20180327,MA1804835,A0724,32160
20180328,MA1801788,A1305,16080
20180329,MA1800962,A0367,26800
20180330,MA1800198,A0725,32160
20180404,AP1803672,A1316,16080
20180406,AP1801574,A0428,26800
20180410,AP1803009,A1003,16080
20180410,AP1801383,A1388,26800
20180419,AP1806087,A1232,26800
20180420,AP1807160,A0531,9648
20180424,AP1806594,A0641,26800
20180425,AP1804726,A1270,12864
20180426,AP1802208,A0351,16080
20180502,MA1803101,A1217,12864
20180509,MA1806278,A1130,26800
20180510,MA1800408,A1062,9648
20180510,MA1800568,A1403,16080
20180511,MA1802706,A0452,12864
20180515,MA1809313,A1284,26800
20180516,MA1805131,A0703,9648
20180516,MA1808406,A0945,32160
20180517,MA1803323,A1370,26800
20180523,MA1800798,A0934,12864
20180525,MA1806538,A0399,9648
20180525,MA1803233,A1056,9648
20180531,MA1802979,A1260,9648
20180601,JU1804913,A0444,26800
20180604,JU1800812,A1058,26800
20180608,JU1805950,A1316,16080
20180612,JU1803896,A0742,26800
20180612,JU1805012,A0982,26800
20180613,JU1803909,A1232,12864
20180618,JU1802142,A1059,16080
20180619,JU1803996,A0693,32160
20180620,JU1807948,A1323,26800
20180626,JU1806993,A0705,16080
20180629,JU1806240,A1130,26800
20180702,JU1803075,A0696,16080
20180702,JU1808392,A0463,9648
20180702,JU1807076,A0559,268
20180702,JU1802343,A1215,26800
20180703,JU1805661,A0865,1340
20180703,JU1800575,A0994,1340
20180703,JU1800140,A0385,1340
20180703,JU1808460,A1116,536
20180703,JU1803961,A0998,536
20180703,JU1804736,A1197,2144
20180704,JU1804338,A1255,2680
20180705,JU1806503,A0853,2144
20180705,JU1807162,A0678,1340
20180705,JU1804481,A0975,2144
20180705,JU1806798,A1369,12864
20180705,JU1806961,A0933,536
20180706,JU1806502,A1357,26800
20180706,JU1809161,A0929,1072
20180706,JU1807382,A1169,2144
20180706,JU1808647,A0350,1072
20180709,JU1802413,A1204,2680
20180709,JU1803294,A0688,2144
20180709,JU1807014,A0511,268
20180709,JU1800327,A0641,1072
20180709,JU1804061,A0815,2144
20180709,JU1809353,A1254,12864
20180710,JU1805317,A0536,16080
20180710,JU1802422,A0815,1072
20180711,JU1804932,A0745,1340
20180711,JU1804143,A0738,12864
20180711,JU1800839,A0821,2144
20180712,JU1802465,A1115,1340
20180712,JU1805157,A0497,26800
20180713,JU1801862,A1162,1072
20180713,JU1801762,A0427,1072
20180713,JU1805568,A1212,2680
20180713,JU1806440,A1064,2144
20180716,JU1804121,A0356,1340
20180716,JU1807499,A0930,1340
20180717,JU1808599,A1230,12864
20180717,JU1802642,A0765,12864
20180717,JU1807075,A0583,2680
20180719,JU1805665,A1106,268
20180719,JU1807975,A0547,536
20180719,JU1802845,A1367,1072
20180719,JU1809333,A1092,1340
20180719,JU1801837,A1095,1072
20180720,JU1807408,A1188,2144
20180720,JU1803642,A0943,2144
20180720,JU1800160,A0529,26800
20180720,JU1800626,A0542,12864
20180723,JU1808515,A1407,1072
20180723,JU1800174,A1329,268
20180724,JU1803944,A0904,536
20180724,JU1803152,A1018,9648
20180724,JU1808049,A1163,1072
20180724,JU1803181,A0529,2680
20180724,JU1805176,A0673,1340
20180725,JU1806693,A0389,1072
20180725,JU1804464,A1397,2144
20180725,JU1807929,A0941,2680
20180725,JU1800061,A1062,536
20180726,JU1801515,A1100,2680
20180726,JU1808359,A0763,2144
20180726,JU1805311,A0972,1340
20180730,JU1807959,A1264,1072
20180730,JU1806817,A0629,1340
20180730,JU1808624,A1101,9648
20180730,JU1805338,A1079,2680
20180730,JU1801287,A1278,1072
20180731,JU1804495,A1020,1072
20180731,JU1807925,A0560,1072
20180731,JU1805752,A1333,26800
20180731,JU1800179,A0761,32160
20180801,AU1806739,A1064,1340
20180801,AU1804851,A1362,9648
20180806,AU1806510,A1161,12864
20180806,AU1806483,A0444,26800
20180810,AU1802645,A1265,26800
20180814,AU1806303,A1384,9648
20180815,AU1805912,A1415,12864
20180815,AU1806196,A1020,16080
20180823,AU1803231,A0953,12864
20180827,AU1801975,A0686,16080
20180827,AU1801014,A0423,12864
20180828,AU1807198,A0412,32160
20180831,AU1800928,A0940,16080
20180831,AU1807534,A0514,16080
20180831,AU1801478,A1381,9648
20180905,SE1806595,A0964,9648
20180906,SE1804054,A1257,26800
20180907,SE1804041,A1286,9648
20180907,SE1806041,A0795,9648
20180907,SE1802135,A0412,26800
20180913,SE1804763,A0774,9648
20180918,SE1800057,A0510,9648
20180920,SE1801365,A1345,26800
20180921,SE1803560,A1001,12864
20180924,SE1801711,A1232,9648
20180924,SE1806266,A0854,9648
20180924,SE1801149,A1226,9648
20180925,SE1807063,A0870,9648
20180926,SE1801206,A0410,26800
20180927,SE1805936,A0873,26800
20180928,SE1803041,A1312,26800
20181002,OC1808659,A1215,12864
20181003,OC1806907,A0986,12864
20181003,OC1804123,A0824,9648
20181003,OC1801459,A0531,12864
20181008,OC1800023,A0445,16080
20181009,OC1802588,A0593,9648
20181011,OC1801423,A1110,12864
20181015,OC1803799,A1370,9648
20181016,OC1805861,A1350,9648
20181017,OC1806184,A0375,32160
20181017,OC1801831,A0673,26800
20181022,OC1800554,A0769,12864
20181024,OC1804677,A0529,12864
20181025,OC1802221,A0688,16080
20181030,OC1803123,A1334,26800
20181105,NO1801023,A0942,32160
20181107,NO1804681,A0864,26800
20181112,NO1802806,A0445,32160
20181112,NO1805054,A0655,9648
20181113,NO1803242,A1029,12864
20181114,NO1800138,A0512,12864
20181116,NO1800209,A0802,26800
20181116,NO1801500,A0922,16080
20181119,NO1805967,A0548,26800
20181121,NO1805645,A1416,16080
20181121,NO1808939,A1050,26800
20181121,NO1806509,A0684,12864
20181122,NO1801792,A0390,12864
20181123,NO1805187,A0708,9648
20181126,NO1808402,A1232,12864
20181127,NO1803403,A0965,12864
20181127,NO1803015,A0393,16080
20181127,NO1801958,A1260,9648
20181129,NO1804320,A1211,32160
20181130,NO1802179,A0745,12864
20181204,DE1804555,A0578,12864
20181205,DE1805579,A1094,26800
20181207,DE1807823,A0791,16080
20181207,DE1803258,A0567,16080
20181212,DE1804268,A0438,9648
20181213,DE1804492,A1409,32160
20181214,DE1809272,A0852,12864
20181217,DE1809149,A0887,32160
20181217,DE1808218,A1370,26800
20181218,DE1807638,A0963,32160
20181221,DE1808560,A1316,32160
20181221,DE1808787,A1305,12864
20181226,DE1801089,A1036,12864
20181227,DE1805573,A0583,12864
20181228,DE1805867,A1110,9648
20180102,JA1808877,A0684,5360
20180103,JA1807742,A1015,5360
20180104,JA1802270,A1409,5360
20180108,JA1806221,A0472,5360
20180110,JA1808857,A1018,5360
20180115,JA1803901,A0761,5360
20180117,JA1802283,A1110,5360
20180119,JA1804825,A0944,5360
20180119,JA1806078,A0389,5360
20180122,JA1804766,A1309,5360
20180124,JA1801632,A1064,5360
20180126,JA1802311,A1100,5360
20180129,JA1802523,A0615,5360
20180129,JA1802737,A0507,5360
20180201,FE1803949,A0792,5360
20180202,FE1807234,A1134,5360
20180207,FE1802919,A0519,5360
20180208,FE1805561,A0443,5360
20180209,FE1804791,A0422,5360
20180213,FE1804605,A0760,5360
20180213,FE1803011,A0703,5360
20180215,FE1809366,A0415,5360
20180216,FE1802842,A1103,5360
20180222,FE1804380,A0522,5360
20180227,FE1803862,A0945,5360
20180227,FE1806359,A0531,5360
20180301,MA1805308,A1110,5360
20180302,MA1807980,A0434,5360
20180302,MA1800950,A1161,5360
20180302,MA1807653,A0897,5360
20180302,MA1807242,A0385,5360
20180308,MA1800562,A1370,5360
20180316,MA1803475,A0884,5360
20180322,MA1803098,A0763,5360
20180406,AP1800754,A0942,5360
20180406,AP1804386,A0720,5360
20180418,AP1808594,A1343,5360
20180503,MA1801800,A1410,5360
20180514,MA1802352,A0377,5360
20180528,MA1801135,A0892,5360
20180605,JU1803060,A0679,5360
20180611,JU1805181,A0893,5360
20180612,JU1808603,A1092,5360
20180612,JU1809060,A0703,5360
20180613,JU1805445,A1237,5360
20180614,JU1808193,A0539,5360
20180615,JU1802298,A0464,5360
20180618,JU1803006,A0379,5360
20180625,JU1807887,A0942,5360
20180626,JU1801520,A0826,5360
20180702,JU1804714,A0701,5360
20180703,JU1804295,A0582,5360
20180706,JU1808421,A0694,5360
20180706,JU1800367,A0953,5360
20180709,JU1808337,A0462,5360
20180710,JU1807839,A0972,5360
20180710,JU1801732,A1306,5360
20180712,JU1807870,A1172,5360
20180712,JU1807416,A1131,5360
20180713,JU1808159,A1221,5360
20180716,JU1800579,A1403,5360
20180716,JU1801132,A1129,5360
20180717,JU1807079,A1138,5360
20180719,JU1803930,A0382,5360
20180720,JU1802410,A0627,5360
20180725,JU1803709,A1163,5360
20180726,JU1800423,A0802,5360
20180801,AU1804219,A0505,5360
20180803,AU1806962,A1135,5360
20180809,AU1806578,A1420,5360
20180809,AU1806880,A0800,5360
20180813,AU1800100,A1193,5360
20180813,AU1807556,A1295,5360
20180816,AU1801996,A0529,5360
20180817,AU1801499,A0375,5360
20180820,AU1802930,A1135,5360
20180820,AU1802626,A0942,5360
20180822,AU1805597,A1261,5360
20180824,AU1803136,A0941,5360
20180828,AU1801946,A0741,5360
20180906,SE1801720,A1057,5360
20180911,SE1808077,A0399,5360
20180912,SE1806526,A0977,5360
20180913,SE1800165,A0514,5360
20180913,SE1809363,A1204,5360
20180914,SE1806494,A1153,5360
20180914,SE1802087,A0808,5360
20180920,SE1802240,A1244,5360
20181003,OC1804658,A0513,5360
20181005,OC1806850,A0616,5360
20181008,OC1808268,A0785,5360
20181015,OC1802589,A0760,5360
20181015,OC1803854,A1410,5360
20181016,OC1808447,A0919,5360
20181018,OC1806506,A1162,5360
20181025,OC1800132,A1182,5360
20181025,OC1808262,A0796,5360
20181106,NO1804912,A1204,5360
20181106,NO1802002,A0557,5360
20181113,NO1805261,A0937,5360
20181114,NO1807759,A0720,5360
20181115,NO1804999,A0952,5360
20181122,NO1803193,A0710,5360
20181210,DE1806913,A0881,5360
20181213,DE1806900,A0762,5360
20181219,DE1803871,A0610,5360
20181227,DE1801785,A1100,5360
20181231,DE1808002,A0741,5360
20190101,JA1907833,A1255,5360
20180102,JA1805726,A0635,6432
20180102,JA1806733,A1277,6432
20180103,JA1809312,A0965,6432
20180109,JA1804227,A1282,6432
20180116,JA1805720,A0377,6432
20180118,JA1801467,A1055,6432
20180119,JA1807292,A0942,6432
20180119,JA1804075,A1062,6432
20180206,FE1801109,A0931,6432
20180212,FE1802579,A1316,6432
20180213,FE1800891,A0531,6432
20180216,FE1801126,A0724,6432
20180216,FE1807119,A0493,6432
20180219,FE1803227,A1397,6432
20180219,FE1801470,A0743,6432
20180226,FE1800739,A0472,6432
20180301,MA1806781,A1232,6432
20180307,MA1803441,A0630,6432
20180309,MA1805260,A0828,6432
20180313,MA1801334,A1278,6432
20180313,MA1806044,A0548,6432
20180313,MA1807197,A0731,6432
20180313,MA1806611,A0808,6432
20180314,MA1805342,A0795,6432
20180314,MA1801205,A0670,6432
20180320,MA1807626,A0548,6432
20180323,MA1803604,A0800,6432
20180326,MA1807465,A0480,6432
20180326,MA1808078,A0963,6432
20180327,MA1807396,A0694,6432
20180402,AP1801599,A1410,6432
20180403,AP1804818,A0542,6432
20180409,AP1802759,A0799,6432
20180410,AP1807899,A0739,6432
20180410,AP1801454,A1116,6432
20180412,AP1801059,A0429,6432
20180419,AP1805273,A1230,6432
20180420,AP1801818,A0774,6432
20180426,AP1804148,A0965,6432
20180430,AP1800042,A1353,6432
20180501,MA1800927,A0642,6432
20180514,MA1800473,A0963,6432
20180514,MA1807491,A1254,6432
20180516,MA1805424,A1232,6432
20180523,MA1801902,A1197,6432
20180529,MA1802511,A1167,6432
20180604,JU1805534,A1313,6432
20180604,JU1801156,A0464,6432
20180605,JU1807689,A0724,6432
20180606,JU1809346,A1316,6432
20180607,JU1805916,A1286,6432
20180611,JU1803372,A1332,6432
20180615,JU1807854,A0626,6432
20180619,JU1803471,A0531,6432
20180619,JU1808749,A1227,6432
20180622,JU1801192,A1089,6432
20180627,JU1801556,A0566,6432
20180628,JU1802239,A1077,6432
20180628,JU1806586,A1176,6432
20180706,JU1805802,A1299,6432
20180709,JU1803263,A0993,6432
20180709,JU1807420,A0350,6432
20180713,JU1804446,A0937,6432
20180716,JU1804439,A0949,6432
20180716,JU1805533,A1410,6432
20180724,JU1800857,A0605,6432
20180803,AU1802633,A1138,6432
20180809,AU1804672,A0821,6432
20180816,AU1800213,A1277,6432
20180817,AU1800475,A1214,6432
20180817,AU1803863,A1067,6432
20180822,AU1807562,A1095,6432
20180827,AU1804082,A0693,6432
20180831,AU1806644,A0815,6432
20180904,SE1803392,A1215,6432
20180905,SE1807964,A1095,6432
20180914,SE1809126,A0502,6432
20180920,SE1805966,A1357,6432
20180920,SE1808422,A0761,6432
20180920,SE1807573,A1221,6432
20180921,SE1806960,A0951,6432
20180921,SE1801360,A1164,6432
20180926,SE1803414,A0763,6432
20180927,SE1803443,A0760,6432
20180928,SE1801602,A0920,6432
20181003,OC1807187,A0773,6432
20181008,OC1808850,A1135,6432
20181009,OC1808582,A0640,6432
20181009,OC1803983,A0815,6432
20181009,OC1803396,A0827,6432
20181010,OC1802119,A0716,6432
20181010,OC1807170,A0528,6432
20181012,OC1808830,A0811,6432
20181016,OC1803918,A1409,6432
20181018,OC1803946,A0738,6432
20181023,OC1802248,A0515,6432
20181029,OC1801848,A0830,6432
20181029,OC1808246,A0934,6432
20181031,OC1801072,A1387,6432
20181031,OC1800223,A1103,6432
20181102,NO1805911,A1277,6432
20181102,NO1802053,A1215,6432
20181115,NO1806388,A1297,6432
20181116,NO1801302,A1173,6432
20181119,NO1802647,A0931,6432
20181119,NO1809356,A1367,6432
20181126,NO1808613,A0963,6432
20181129,NO1807384,A1116,6432
20181129,NO1803779,A0452,6432
20181204,DE1801048,A1370,6432
20181205,DE1801686,A1270,6432
20181210,DE1808204,A1162,6432
20181210,DE1805523,A1215,6432
20181210,DE1802090,A0514,6432
20181218,DE1805375,A1387,6432
20180104,JA1807123,A1031,3752
20180109,JA1806432,A0517,3752
20180110,JA1808491,A1103,3752
20180115,JA1804508,A0992,3752
20180115,JA1807320,A0907,3752
20180119,JA1808626,A0504,3752
20180122,JA1804582,A0494,3752
20180125,JA1802188,A0369,3752
20180130,JA1806574,A0429,3752
20180207,FE1805924,A0796,3752
20180212,FE1802613,A0464,3752
20180216,FE1800621,A0718,3752
20180222,FE1800181,A0827,3752
20180223,FE1809140,A0574,3752
20180223,FE1801823,A1202,3752
20180223,FE1800588,A0955,3752
20180227,FE1800267,A1419,3752
20180314,MA1808020,A0470,3752
20180316,MA1801884,A0764,3752
20180316,MA1801307,A0557,3752
20180316,MA1808289,A0514,3752
20180319,MA1806493,A0495,3752
20180321,MA1800903,A1055,3752
20180323,MA1809095,A0763,3752
20180323,MA1804895,A0607,3752
20180326,MA1804685,A0934,3752
20180326,MA1800523,A1408,3752
20180326,MA1801790,A0884,3752
20180327,MA1805963,A0481,3752
20180409,AP1804220,A0949,3752
20180411,AP1800907,A1226,3752
20180416,AP1808161,A1390,3752
20180417,AP1802277,A0350,3752
20180418,AP1803106,A0907,3752
20180423,AP1800222,A1108,3752
20180423,AP1808470,A1334,3752
20180424,AP1808410,A1212,3752
20180425,AP1801057,A0461,3752
20180426,AP1805850,A1232,3752
20180430,AP1805125,A0907,3752
20180501,MA1803618,A0945,3752
20180504,MA1805298,A0995,3752
20180507,MA1804615,A1300,3752
20180507,MA1805845,A0678,3752
20180508,MA1801850,A1221,3752
20180509,MA1801326,A1346,3752
20180510,MA1802680,A1349,3752
20180511,MA1804382,A0869,3752
20180516,MA1806435,A0424,3752
20180518,MA1801093,A1319,3752
20180530,MA1807308,A1241,3752
20180531,MA1800748,A0916,3752
20180531,MA1803794,A1413,3752
20180604,JU1805392,A0930,3752
20180611,JU1804499,A0929,3752
20180613,JU1807634,A0548,3752
20180613,JU1809310,A1056,3752
20180615,JU1802034,A0548,3752
20180618,JU1804455,A1308,3752
20180622,JU1801008,A0464,3752
20180628,JU1803312,A1346,3752
20180629,JU1800068,A0830,3752
20180704,JU1807474,A1067,3752
20180704,JU1805730,A0815,3752
20180705,JU1806120,A0557,3752
20180706,JU1809355,A0414,3752
20180710,JU1800326,A1153,3752
20180713,JU1806112,A0792,3752
20180716,JU1808616,A0629,3752
20180717,JU1800274,A0630,3752
20180724,JU1804327,A1136,3752
20180730,JU1807430,A1007,3752
20180801,AU1808511,A0881,3752
20180802,AU1802253,A0515,3752
20180803,AU1803391,A1002,3752
20180806,AU1807846,A0415,3752
20180817,AU1807155,A0484,3752
20180821,AU1808762,A1285,3752
20180824,AU1805290,A0869,3752
20180824,AU1809024,A1299,3752
20180824,AU1803765,A0785,3752
20180829,AU1805654,A0583,3752
20180829,AU1808482,A0919,3752
20180830,AU1800751,A0943,3752
20180831,AU1800996,A0945,3752
20180831,AU1803354,A0990,3752
20180903,SE1801466,A1350,3752
20180903,SE1803678,A1333,3752
20180905,SE1800705,A0886,3752
20180910,SE1808779,A0771,3752
20180912,SE1804754,A1302,3752
20180914,SE1803265,A0690,3752
20180920,SE1801502,A0681,3752
20180924,SE1805266,A1313,3752
20180924,SE1808106,A0994,3752
20180925,SE1800114,A0887,3752
20180927,SE1804065,A1062,3752
20180928,SE1805029,A0690,3752
20181001,OC1800332,A0961,3752
20181002,OC1803623,A0444,3752
20181003,OC1808372,A0837,3752
20181005,OC1808320,A1316,3752
20181012,OC1808332,A0470,3752
20181015,OC1807204,A0798,3752
20181015,OC1809004,A0887,3752
20181022,OC1802760,A1241,3752
20181023,OC1808273,A0972,3752
20181023,OC1807994,A0695,3752
20181024,OC1802700,A0496,3752
20181024,OC1800888,A0632,3752
20181025,OC1805219,A1118,3752
20181025,OC1804491,A1120,3752
20181026,OC1806505,A0777,3752
20181030,OC1803094,A0576,3752
20181031,OC1807110,A1150,3752
20181105,NO1807372,A1334,3752
20181107,NO1800813,A0571,3752
20181107,NO1806237,A0846,3752
20181107,NO1809037,A1204,3752
20181121,NO1802347,A0383,3752
20181121,NO1807510,A1212,3752
20181121,NO1809291,A1027,3752
20181123,NO1806035,A0496,3752
20181127,NO1804579,A0616,3752
20181128,NO1801440,A0694,3752
20181130,NO1804770,A0727,3752
20181203,DE1802956,A0837,3752
20181204,DE1807532,A0482,3752
20181205,DE1807749,A1338,3752
20181210,DE1804056,A1226,3752
20181211,DE1801465,A1237,3752
20181211,DE1808287,A0681,3752
20181214,DE1806434,A1299,3752
20181214,DE1801886,A0578,3752
20181217,DE1805373,A0952,3752
20181218,DE1803903,A0615,3752
20190101,JA1905735,A0561,3752
20180226,FE1808654,A0380,3216
20180301,MA1808471,A0431,3216
20180302,MA1807883,A0500,3216
20180305,MA1808222,A1125,3216
20180306,MA1809203,A1345,3216
20180306,MA1806190,A0959,3216
20180307,MA1807835,A1357,3216
20180308,MA1802325,A0626,3216
20180309,MA1807270,A1278,3216
20180309,MA1802234,A1058,3216
20180313,MA1800728,A1169,3216
20180314,MA1808151,A1178,3216
20180319,MA1801078,A0502,3216
20180319,MA1802818,A0574,3216
20180320,MA1804463,A1348,3216
20180320,MA1802191,A0616,3216
20180321,MA1803824,A0670,3216
20180322,MA1806998,A1291,3216
20180326,MA1807048,A0852,3216
20180328,MA1804308,A0356,3216
20180329,MA1802668,A1029,3216
20180703,JU1801729,A0992,3216
20180704,JU1803235,A1050,3216
20180705,JU1802322,A0550,3216
20180706,JU1802458,A1027,3216
20180706,JU1801358,A1137,3216
20180709,JU1802080,A1098,3216
20180711,JU1803726,A1050,3216
20180712,JU1800776,A0892,3216
20180712,JU1800550,A0433,3216
20180712,JU1807615,A0458,3216
20180713,JU1804416,A1403,3216
20180716,JU1806300,A1187,3216
20180716,JU1808363,A0824,3216
20180717,JU1806127,A0380,3216
20180719,JU1807401,A0945,3216
20180719,JU1808899,A1095,3216
20180720,JU1809011,A0688,3216
20180720,JU1800783,A0519,3216
20180720,JU1803509,A1202,3216
20180725,JU1802993,A0771,3216
20180726,JU1802664,A1413,3216
20181001,OC1801491,A0480,3216
20181002,OC1807891,A0643,3216
20181011,OC1804124,A0593,3216
20181012,OC1801195,A0493,3216
20181015,OC1803447,A0516,3216
20181015,OC1805723,A1195,3216
20181015,OC1806153,A0987,3216
20181017,OC1802353,A1035,3216
20181017,OC1804730,A0428,3216
20181017,OC1805367,A1159,3216
20181017,OC1809151,A0880,3216
20181018,OC1801857,A1241,3216
20181019,OC1804517,A0949,3216
20181022,OC1803701,A1050,3216
20181023,OC1802175,A0742,3216
20181024,OC1802440,A1193,3216
20181026,OC1804591,A0834,3216
20181026,OC1803219,A0982,3216
20181030,OC1805667,A0919,3216
20180102,JA1807201,A0667,3216
20180102,JA1803169,A1014,3216
20180105,JA1802797,A0810,3216
20180105,JA1806773,A0696,3216
20180105,JA1802426,A1236,3216
20180108,JA1804467,A0744,3216
20180109,JA1807457,A0696,3216
20180109,JA1806408,A0949,3216
20180109,JA1803418,A1197,3216
20180112,JA1808645,A0907,3216
20180115,JA1800200,A0422,3216
20180115,JA1801568,A0512,3216
20180116,JA1800640,A1410,3216
20180117,JA1806334,A1363,3216
20180122,JA1802796,A1381,3216
20180122,JA1807342,A0990,3216
20180123,JA1802808,A0589,3216
20180124,JA1805842,A0593,3216
20180126,JA1805643,A0709,3216
20180126,JA1800759,A1068,3216
20180126,JA1804617,A0679,3216
20180130,JA1800660,A0708,3216
20180130,JA1805161,A0907,3216
20180130,JA1808483,A0919,3216
20180131,JA1807175,A0566,3216
20180201,FE1805828,A1030,3216
20180205,FE1806641,A0837,3216
20180206,FE1803976,A1191,3216
20180206,FE1801719,A0867,3216
20180206,FE1806945,A0845,3216
20180208,FE1808037,A0707,3216
20180209,FE1806949,A1073,3216
20180212,FE1803891,A1057,3216
20180214,FE1804864,A0776,3216
20180221,FE1804192,A0918,3216
20180221,FE1806297,A0994,3216
20180222,FE1808321,A0690,3216
20180222,FE1806710,A0765,3216
20180222,FE1806744,A0452,3216
20180222,FE1804569,A0982,3216
20180223,FE1802419,A0415,3216
20180223,FE1803385,A1367,3216
20180226,FE1806476,A0835,3216
20180227,FE1804683,A1035,3216
20180228,FE1800850,A0987,3216
20180228,FE1800655,A1292,3216
20181101,NO1804179,A1153,3216
20181101,NO1807275,A0903,3216
20181108,NO1803942,A0353,3216
20181108,NO1800487,A0897,3216
20181112,NO1807476,A1410,3216
20181112,NO1801372,A0693,3216
20181112,NO1800902,A1297,3216
20181113,NO1801107,A0387,3216
20181116,NO1808838,A1009,3216
20181119,NO1803208,A0702,3216
20181119,NO1800131,A0506,3216
20181119,NO1803021,A1240,3216
20181120,NO1805087,A0942,3216
20181121,NO1800156,A1320,3216
20181121,NO1804072,A0557,3216
20181121,NO1808607,A0375,3216
20181122,NO1804415,A1325,3216
20181127,NO1802366,A1381,3216
20181129,NO1801590,A0409,3216
20181129,NO1804531,A0861,3216
20181129,NO1800416,A1187,3216
20181129,NO1807961,A0955,3216
20181130,NO1804534,A1214,3216
20181130,NO1802201,A0930,3216
20181203,DE1803520,A0375,3216
20181203,DE1801055,A0869,3216
20181204,DE1806809,A0354,3216
20181210,DE1806579,A0456,3216
20181211,DE1807792,A0519,3216
20181213,DE1808934,A0953,3216
20181217,DE1803279,A1305,3216
20181218,DE1806030,A0497,3216
20181218,DE1808618,A0835,3216
20181219,DE1800724,A1253,3216
20181219,DE1806353,A0869,3216
20181220,DE1805227,A0802,3216
20181220,DE1807650,A1381,3216
20181221,DE1800881,A0906,3216
20181224,DE1800412,A0742,3216
20181225,DE1800788,A0890,3216
20181225,DE1801508,A1188,3216
20181226,DE1800864,A0789,3216
20181226,DE1808031,A1039,3216
20181227,DE1808834,A0749,3216
20181227,DE1805525,A1057,3216
20190102,JA1906305,A0516,3216
20190104,JA1904707,A0763,3216
20180404,AP1802881,A1412,3216
20180404,AP1801181,A0749,3216
20180409,AP1801585,A0665,3216
20180410,AP1805587,A1116,3216
20180410,AP1800965,A0830,3216
20180412,AP1808488,A1388,3216
20180412,AP1804109,A1332,3216
20180416,AP1807369,A1286,3216
20180420,AP1807101,A1333,3216
20180423,AP1801700,A0798,3216
20180424,AP1803464,A1271,3216
20180424,AP1804496,A0718,3216
20180426,AP1808586,A1221,3216
20180426,AP1803301,A0422,3216
20180426,AP1806113,A1062,3216
20180430,AP1801656,A0880,3216
20180430,AP1804812,A1123,3216
20180430,AP1807288,A0616,3216
20180501,MA1805881,A0903,3216
20180503,MA1805382,A0587,3216
20180503,MA1806631,A0670,3216
20180503,MA1806858,A1313,3216
20180507,MA1803510,A1064,3216
20180507,MA1803624,A0647,3216
20180507,MA1808760,A0778,3216
20180508,MA1806343,A1345,3216
20180510,MA1809344,A1260,3216
20180510,MA1801429,A0792,3216
20180517,MA1804908,A0461,3216
20180518,MA1801261,A0716,3216
20180518,MA1806150,A1216,3216
20180518,MA1801956,A0679,3216
20180521,MA1802008,A0574,3216
20180523,MA1807645,A0792,3216
20180524,MA1800990,A0800,3216
20180529,MA1803432,A1129,3216
20180604,JU1803063,A0701,3216
20180605,JU1808340,A0387,3216
20180605,JU1800372,A1320,3216
20180606,JU1808605,A1072,3216
20180608,JU1804118,A0371,3216
20180611,JU1806029,A0978,3216
20180612,JU1809113,A0949,3216
20180613,JU1806199,A1164,3216
20180614,JU1804982,A1395,3216
20180615,JU1804626,A1288,3216
20180615,JU1802609,A0988,3216
20180615,JU1800343,A1244,3216
20180618,JU1805961,A1313,3216
20180618,JU1802983,A0918,3216
20180619,JU1809216,A1172,3216
20180620,JU1800818,A1029,3216
20180621,JU1801061,A0839,3216
20180621,JU1802894,A0459,3216
20180621,JU1802795,A1076,3216
20180622,JU1800489,A0767,3216
20180627,JU1807741,A0550,3216
20180627,JU1809107,A0762,3216
20180801,AU1806404,A0781,3216
20180801,AU1806819,A0470,3216
20180801,AU1803365,A0632,3216
20180802,AU1808237,A0997,3216
20180803,AU1805510,A0728,3216
20180807,AU1806929,A0466,3216
20180808,AU1803251,A0512,3216
20180808,AU1807670,A1410,3216
20180809,AU1801708,A1204,3216
20180810,AU1802154,A0934,3216
20180816,AU1801264,A0952,3216
20180820,AU1801974,A0853,3216
20180821,AU1800238,A0845,3216
20180822,AU1802964,A0802,3216
20180822,AU1804153,A1100,3216
20180823,AU1808553,A1092,3216
20180828,AU1805889,A1232,3216
20180829,AU1804870,A1278,3216
20180830,AU1806722,A1332,3216
20180831,AU1808954,A0693,3216
20180831,AU1808004,A0693,3216
20180903,SE1802091,A0802,3216
20180904,SE1801514,A0576,3216
20180905,SE1803388,A0933,3216
20180906,SE1802341,A0412,3216
20180906,SE1802196,A0877,3216
20180906,SE1802254,A0528,3216
20180906,SE1809198,A0412,3216
20180907,SE1804790,A1165,3216
20180911,SE1802549,A0778,3216
20180911,SE1807498,A1195,3216
20180911,SE1804294,A0371,3216
20180917,SE1805235,A0884,3216
20180917,SE1809349,A1277,3216
20180917,SE1803327,A0918,3216
20180918,SE1803002,A0747,3216
20180918,SE1805856,A0408,3216
20180921,SE1808429,A0761,3216
20180921,SE1800421,A1036,3216
20180921,SE1805401,A1311,3216
20180924,SE1804513,A0593,3216
20180924,SE1806064,A1120,3216
20180925,SE1808052,A0720,3216
20180926,SE1804647,A1202,3216
20180926,SE1802657,A0943,3216
20180927,SE1802120,A1167,3216
20180927,SE1808165,A0660,3216
20181003,OC1806463,A0603,3216
20180402,AP1808521,A1178,4200
20180402,AP1804378,A1142,4200
20180403,AP1801121,A0933,4200
20180403,AP1802492,A1406,4200
20180403,AP1808825,A0463,4200
20180404,AP1801865,A1164,4200
20180405,AP1806943,A0679,4200
20180405,AP1803704,A1271,4200
20180409,AP1803453,A1345,4200
20180410,AP1802144,A0603,4200
20180412,AP1806875,A1179,4200
20180413,AP1805816,A1110,4200
20180423,AP1803577,A0903,4200
20180424,AP1805241,A1357,4200
20180425,AP1800317,A0409,4200
20180426,AP1803243,A1367,4200
20180426,AP1807102,A0589,4200
20180427,AP1802936,A0578,4200
20180427,AP1806995,A1240,4200
20180430,AP1803588,A0990,4200
20180501,MA1804557,A0842,4200
20180501,MA1801527,A1092,4200
20180501,MA1803343,A0427,4200
20180502,MA1806450,A0534,4200
20180507,MA1806091,A0496,4200
20180509,MA1806376,A0371,4200
20180510,MA1809170,A1252,4200
20180514,MA1802212,A0990,4200
20180517,MA1808729,A0760,4200
20180521,MA1804866,A1050,4200
20180522,MA1800998,A0496,4200
20180528,MA1801507,A1305,4200
20180530,MA1802805,A1065,4200
20180531,MA1807271,A0443,4200
20180531,MA1808610,A0708,4200
20180531,MA1802568,A1092,4200
20180601,JU1803959,A1088,4200
20180601,JU1802767,A0377,4200
20180606,JU1805040,A0548,4200
20180608,JU1802380,A0375,4200
20180608,JU1803321,A0749,4200
20180608,JU1804737,A1416,4200
20180618,JU1806092,A1236,4200
20180618,JU1803316,A1144,4200
20180619,JU1806123,A0576,4200
20180625,JU1806027,A1125,4200
20180625,JU1803982,A0927,4200
20180627,JU1802436,A0659,4200
20180629,JU1803979,A0408,4200
20180806,AU1800614,A0955,4200
20180807,AU1805337,A0934,4200
20180808,AU1800257,A0747,4200
20180810,AU1804130,A0534,4200
20180810,AU1802022,A0357,4200
20180813,AU1802971,A1297,4200
20180816,AU1805769,A1129,4200
20180816,AU1805756,A0655,4200
20180816,AU1802285,A1133,4200
20180817,AU1808979,A1184,4200
20180820,AU1804026,A0810,4200
20180820,AU1800828,A1202,4200
20180823,AU1808032,A1370,4200
20180824,AU1805982,A0953,4200
20180828,AU1806616,A0565,4200
20180828,AU1807411,A0952,4200
20180828,AU1800518,A0724,4200
20180830,AU1807519,A0934,4200
20180830,AU1800126,A0382,4200
20180903,SE1809262,A0702,4200
20180910,SE1806922,A1135,4200
20180913,SE1801564,A0975,4200
20180914,SE1804967,A1361,4200
20180914,SE1806381,A0749,4200
20180920,SE1801137,A0846,4200
20180921,SE1802702,A0507,4200
20180921,SE1801925,A0457,4200
20180926,SE1805466,A0574,4200
20180927,SE1803953,A1326,4200
20180928,SE1800420,A0808,4200
20180102,JA1803645,A0371,4200
20180102,JA1803981,A0422,4200
20180109,JA1805295,A1285,4200
20180109,JA1804637,A0993,4200
20180112,JA1803749,A0852,4200
20180115,JA1808186,A1358,4200
20180116,JA1804127,A0718,4200
20180116,JA1803390,A1139,4200
20180116,JA1804587,A0693,4200
20180116,JA1807268,A0670,4200
20180117,JA1800755,A1050,4200
20180118,JA1805679,A0616,4200
20180123,JA1802081,A0821,4200
20180124,JA1802327,A0963,4200
20180125,JA1801260,A0890,4200
20180126,JA1800629,A0629,4200
20180126,JA1800457,A0704,4200
20180130,JA1806093,A1408,4200
20180201,FE1800055,A1093,4200
20180201,FE1801995,A0905,4200
20180202,FE1806661,A0515,4200
20180202,FE1808379,A1146,4200
20180205,FE1806670,A0419,4200
20180207,FE1807594,A0990,4200
20180209,FE1800922,A1191,4200
20180212,FE1802819,A0923,4200
20180212,FE1806882,A0815,4200
20180213,FE1805818,A0808,4200
20180214,FE1807373,A0897,4200
20180216,FE1807443,A0473,4200
20180216,FE1800935,A1316,4200
20180219,FE1803715,A1215,4200
20180221,FE1805809,A0795,4200
20180222,FE1804548,A0914,4200
20180223,FE1804483,A0998,4200
20180226,FE1802028,A0419,4200
20180228,FE1801364,A1319,4200
20180302,MA1806413,A0845,4200
20181105,NO1801313,A0470,4200
20181106,NO1807004,A0643,4200
20181106,NO1807984,A0945,4200
20181113,NO1802038,A0822,4200
20181114,NO1803148,A0708,4200
20181114,NO1805288,A0655,4200
20181119,NO1805831,A0629,4200
20181120,NO1807245,A0428,4200
20181120,NO1800512,A0522,4200
20181122,NO1806258,A1003,4200
20181129,NO1801808,A0930,4200
20181130,NO1802607,A1014,4200
20181130,NO1808619,A0961,4200
20181206,DE1801812,A0445,4200
20181206,DE1806970,A0529,4200
20181206,DE1806067,A1065,4200
20181207,DE1801397,A1346,4200
20181207,DE1806106,A0554,4200
20181210,DE1800085,A0975,4200
20181211,DE1803247,A0826,4200
20181211,DE1801771,A0431,4200
20181212,DE1807200,A1320,4200
20181213,DE1804942,A1208,4200
20181221,DE1803335,A0395,4200
20181224,DE1809308,A1047,4200
20181225,DE1808035,A0864,4200
20181227,DE1803773,A1114,4200
20190101,JA1907082,A0978,4200
20190101,JA1904689,A0878,4200
20180302,MA1800753,A1221,4200
20180306,MA1805513,A0800,4200
20180306,MA1800774,A0946,4200
20180307,MA1806003,A0747,4200
20180308,MA1801390,A1129,4200
20180312,MA1804012,A1133,4200
20180312,MA1805954,A1338,4200
20180312,MA1802744,A1214,4200
20180316,MA1806818,A0354,4200
20180321,MA1804138,A0546,4200
20180322,MA1809031,A0709,4200
20180322,MA1800917,A0576,4200
20180326,MA1808267,A1135,4200
20180327,MA1804830,A0846,4200
20180329,MA1805028,A0574,4200
20180702,JU1804638,A0785,4200
20180702,JU1800143,A1076,4200
20180704,JU1808144,A1104,4200
20180704,JU1805951,A1068,4200
20180705,JU1805455,A0830,4200
20180705,JU1806492,A1403,4200
20180709,JU1809317,A1370,4200
20180709,JU1802241,A0907,4200
20180709,JU1808721,A0695,4200
20180712,JU1800279,A1214,4200
20180718,JU1807209,A0824,4200
20180723,JU1804981,A0839,4200
20180724,JU1801436,A0725,4200
20180727,JU1801385,A0462,4200
20180730,JU1805738,A0853,4200
20180731,JU1803270,A1181,4200
20180731,JU1809202,A0893,4200
20180801,AU1800983,A0801,4200
20181003,OC1804058,A1133,4200
20181011,OC1807247,A1419,4200
20181011,OC1807504,A1420,4200
20181015,OC1803549,A0942,4200
20181018,OC1805691,A1030,4200
20181018,OC1802810,A1278,4200
20181019,OC1805478,A0742,4200
20181023,OC1805985,A0949,4200
20181026,OC1808936,A1079,4200
20180102,JA1804519,A0802,4900
20180103,JA1807009,A0597,4900
20180103,JA1805463,A0728,4900
20180105,JA1809030,A0415,4900
20180108,JA1803848,A0404,4900
20180109,JA1806649,A1095,4900
20180122,JA1808056,A0988,4900
20180122,JA1804817,A1285,4900
20180123,JA1806839,A0611,4900
20180131,JA1808945,A1101,4900
20180201,FE1804239,A0949,4900
20180202,FE1800762,A0665,4900
20180202,FE1801393,A1204,4900
20180202,FE1807172,A0799,4900
20180209,FE1804365,A0495,4900
20180212,FE1805369,A1282,4900
20180214,FE1807735,A1419,4900
20180215,FE1809155,A0798,4900
20180222,FE1803137,A1411,4900
20180222,FE1806444,A0830,4900
20180222,FE1802333,A0931,4900
20180222,FE1802851,A0927,4900
20180223,FE1806398,A1291,4900
20180223,FE1807577,A0990,4900
20180226,FE1807969,A0990,4900
20180226,FE1802867,A0696,4900
20180308,MA1808043,A0987,4900
20180309,MA1807022,A1316,4900
20180309,MA1803307,A1212,4900
20180309,MA1805595,A0789,4900
20180312,MA1802469,A1260,4900
20180313,MA1802066,A0546,4900
20180316,MA1808082,A1144,4900
20180322,MA1805318,A1343,4900
20180328,MA1808453,A1305,4900
20180328,MA1807428,A0429,4900
20180416,AP1809167,A0463,4900
20180417,AP1802771,A0800,4900
20180417,AP1806486,A1003,4900
20180419,AP1803108,A1123,4900
20180423,AP1809176,A1146,4900
20180424,AP1802262,A0890,4900
20180509,MA1803893,A0561,4900
20180510,MA1802772,A1004,4900
20180517,MA1803774,A1057,4900
20180517,MA1807579,A1265,4900
20180521,MA1808219,A1185,4900
20180522,MA1809077,A0514,4900
20180523,MA1806915,A1004,4900
20180524,MA1802552,A0629,4900
20180530,MA1809162,A0559,4900
20180604,JU1802459,A0754,4900
20180606,JU1803500,A1090,4900
20180613,JU1805163,A1343,4900
20180613,JU1804992,A1181,4900
20180621,JU1807614,A0472,4900
20180622,JU1805660,A0923,4900
20180626,JU1807840,A0869,4900
20180627,JU1800035,A0988,4900
20180704,JU1808428,A1002,4900
20180705,JU1804961,A1274,4900
20180706,JU1805736,A0816,4900
20180711,JU1801778,A0654,4900
20180716,JU1808835,A1202,4900
20180719,JU1807095,A1311,4900
20180725,JU1805082,A1163,4900
20180726,JU1800288,A0731,4900
20180726,JU1808080,A0961,4900
20180731,JU1804024,A0987,4900
20180801,AU1805965,A0517,4900
20180808,AU1800904,A1135,4900
20180808,AU1805402,A0890,4900
20180809,AU1803206,A0678,4900
20180813,AU1808074,A0589,4900
20180815,AU1805929,A0380,4900
20180816,AU1800289,A1142,4900
20180824,AU1804735,A0686,4900
20180827,AU1805863,A1161,4900
20180828,AU1801455,A0919,4900
20180903,SE1807824,A1358,4900
20180905,SE1802658,A1124,4900
20180912,SE1807582,A0534,4900
20180912,SE1802117,A0890,4900
20180926,SE1805995,A0607,4900
20181004,OC1805116,A0881,4900
20181012,OC1805019,A0697,4900
20181015,OC1805838,A1188,4900
20181016,OC1806283,A0688,4900
20181026,OC1808739,A1265,4900
20181030,OC1802124,A1055,4900
20181102,NO1801893,A1357,4900
20181102,NO1804461,A1214,4900
20181105,NO1807154,A1284,4900
20181105,NO1804226,A0503,4900
20181108,NO1804184,A0826,4900
20181115,NO1806816,A1225,4900
20181116,NO1808531,A1329,4900
20181121,NO1804879,A0881,4900
20181123,NO1800557,A0456,4900
20181203,DE1808040,A0884,4900
20181205,DE1808777,A0411,4900
20181206,DE1806844,A0965,4900
20181211,DE1804469,A1139,4900
20181212,DE1803319,A0541,4900
20181218,DE1804779,A1406,4900
20181218,DE1801852,A0559,4900
20181231,DE1802228,A1007,4900
20190101,JA1906441,A0610,4900
20180102,JA1808003,A0880,7000
20180105,JA1806279,A0816,7000
20180108,JA1805980,A0743,7000
20180111,JA1800954,A0380,7000
20180112,JA1806964,A1240,7000
20180124,JA1804125,A0967,7000
20180125,JA1807171,A0988,7000
20180126,JA1805570,A1242,7000
20180126,JA1802054,A0415,7000
20180129,JA1800230,A0905,7000
20180131,JA1800999,A1050,7000
20180201,FE1808394,A0895,7000
20180208,FE1801349,A0901,7000
20180215,FE1807859,A0522,7000
20180219,FE1800207,A0536,7000
20180219,FE1805732,A0648,7000
20180221,FE1803542,A1163,7000
20180302,MA1805299,A0684,7000
20180308,MA1803931,A0409,7000
20180309,MA1803141,A0707,7000
20180313,MA1809148,A0576,7000
20180316,MA1802461,A0907,7000
20180319,MA1803823,A1079,7000
20180404,AP1807066,A0982,7000
20180404,AP1800262,A0761,7000
20180405,AP1806784,A0696,7000
20180406,AP1800134,A1248,7000
20180413,AP1804611,A0427,7000
20180416,AP1808693,A1288,7000
20180417,AP1806849,A0808,7000
20180418,AP1805567,A1285,7000
20180423,AP1807397,A1334,7000
20180430,AP1808096,A1164,7000
20180508,MA1800062,A1133,7000
20180514,MA1806890,A0952,7000
20180517,MA1804590,A0811,7000
20180522,MA1801394,A1308,7000
20180522,MA1805160,A0845,7000
20180528,MA1808962,A0452,7000
20180530,MA1801435,A0773,7000
20180606,JU1804228,A1056,7000
20180607,JU1800392,A0583,7000
20180614,JU1801495,A1336,7000
20180618,JU1807817,A1073,7000
20180618,JU1802994,A1134,7000
20180628,JU1804520,A0519,7000
20180628,JU1801559,A0414,7000
20180703,JU1800900,A0850,7000
20180703,JU1808854,A0727,7000
20180704,JU1806936,A1290,7000
20180718,JU1803289,A0744,7000
20180720,JU1804809,A1163,7000
20180723,JU1808344,A0724,7000
20180726,JU1800604,A1293,7000
20180727,JU1803366,A0472,7000
20180727,JU1800208,A1068,7000
20180730,JU1805228,A0583,7000
20180801,AU1802476,A1332,7000
20180807,AU1802219,A1306,7000
20180809,AU1803955,A1152,7000
20180809,AU1803298,A0708,7000
20180809,AU1807156,A0720,7000
20180813,AU1800915,A0792,7000
20180815,AU1800691,A1319,7000
20180816,AU1805013,A1280,7000
20180817,AU1800978,A0673,7000
20180829,AU1805855,A1164,7000
20180831,AU1801749,A1306,7000
20180913,SE1807698,A0530,7000
20180914,SE1807583,A0933,7000
20180919,SE1805237,A1139,7000
20180921,SE1803353,A0519,7000
20180924,SE1803934,A1130,7000
20180926,SE1801855,A0607,7000
20181003,OC1803182,A0574,7000
20181005,OC1808369,A0582,7000
20181008,OC1801736,A0862,7000
20181011,OC1800802,A1381,7000
20181029,OC1805441,A1030,7000
20181030,OC1808956,A0943,7000
20181030,OC1804422,A1120,7000
20181112,NO1807044,A0819,7000
20181119,NO1801726,A0824,7000
20181120,NO1805265,A1306,7000
20181121,NO1802437,A1334,7000
20181126,NO1801820,A1333,7000
20181127,NO1805127,A0873,7000
20181127,NO1803533,A0761,7000
20181128,NO1800618,A0506,7000
20181205,DE1801238,A1412,7000
20181210,DE1806497,A0879,7000
20181217,DE1801593,A0930,7000
20181218,DE1809231,A0801,7000
20181225,DE1807127,A1193,7000
20181226,DE1807117,A1255,7000
20181231,DE1803865,A0826,7000
20190104,JA1902149,A1036,7000
20180105,JA1808562,A0387,8400
20180110,JA1807901,A1056,8400
20180116,JA1808355,A0462,8400
20180117,JA1803501,A0452,8400
20180123,JA1806909,A0799,8400
20180123,JA1806540,A0529,8400
20180124,JA1808950,A1202,8400
20180126,JA1808651,A0514,8400
20180129,JA1801296,A1055,8400
20180131,JA1801241,A0945,8400
20180131,JA1800887,A1124,8400
20180207,FE1806567,A0992,8400
20180209,FE1808795,A0688,8400
20180212,FE1803077,A1138,8400
20180301,MA1807045,A1151,8400
20180308,MA1801222,A0830,8400
20180309,MA1807592,A1164,8400
20180312,MA1802709,A0764,8400
20180313,MA1806144,A0512,8400
20180314,MA1806191,A0414,8400
20180321,MA1806363,A1152,8400
20180322,MA1806152,A0880,8400
20180403,AP1802434,A0565,8400
20180410,AP1808719,A0696,8400
20180418,AP1803427,A0881,8400
20180420,AP1805962,A0408,8400
20180425,AP1804400,A1367,8400
20180502,MA1805007,A0769,8400
20180508,MA1804160,A0892,8400
20180509,MA1802799,A0500,8400
20180509,MA1803359,A1290,8400
20180514,MA1805819,A0802,8400
20180517,MA1804117,A1064,8400
20180522,MA1802496,A0464,8400
20180523,MA1805111,A1302,8400
20180525,MA1809078,A0721,8400
20180531,MA1801316,A0350,8400
20180601,JU1804550,A0731,8400
20180601,JU1806160,A0530,8400
20180607,JU1806762,A1225,8400
20180611,JU1808643,A1203,8400
20180620,JU1808343,A0704,8400
20180625,JU1800968,A0350,8400
20180626,JU1806322,A0846,8400
20180719,JU1803483,A0934,8400
20180727,JU1808180,A0431,8400
20180730,JU1808864,A0632,8400
20180730,JU1807973,A1332,8400
20180731,JU1805799,A1338,8400
20180806,AU1806070,A0547,8400
20180821,AU1808816,A0978,8400
20180824,AU1800745,A0545,8400
20180830,AU1804049,A1345,8400
20180830,AU1802159,A0703,8400
20180831,AU1808520,A0967,8400
20180831,AU1800448,A1228,8400
20180911,SE1800699,A0771,8400
20180913,SE1806777,A0955,8400
20180914,SE1802996,A1388,8400
20180917,SE1806409,A1358,8400
20180921,SE1805947,A0907,8400
20180928,SE1806518,A0615,8400
20181009,OC1802604,A0630,8400
20181016,OC1805968,A1170,8400
20181018,OC1808717,A1286,8400
20181022,OC1807894,A1130,8400
20181025,OC1807059,A1313,8400
20181026,OC1803250,A0845,8400
20181107,NO1804392,A1150,8400
20181116,NO1801813,A1014,8400
20181128,NO1808758,A0720,8400
20181130,NO1800342,A0706,8400
20181207,DE1808695,A0847,8400
20181213,DE1805695,A0757,8400
20181213,DE1801209,A0706,8400
20181217,DE1806002,A0548,8400
20181217,DE1805592,A1095,8400
20181218,DE1805952,A0934,8400
20181219,DE1805832,A1153,8400
20181219,DE1807935,A1228,8400
20181226,DE1804580,A0701,8400
20181228,DE1802776,A1271,8400
20181231,DE1804085,A1329,8400
20190102,JA1904456,A0785,8400
20180103,JA1802177,A0731,16800
20180104,JA1802948,A0513,35000
20180105,JA1801584,A0409,35000
20180109,JA1801343,A0552,12600
20180119,JA1807193,A1054,12600
20180119,JA1805746,A1089,35000
20180122,JA1804174,A1172,16800
20180122,JA1806166,A0928,35000
20180123,JA1807118,A1078,21000
20180129,JA1804044,A0819,12600
20180201,FE1804045,A1346,16800
20180202,FE1808909,A0754,35000
20180205,FE1807298,A0377,35000
20180206,FE1802044,A1270,12600
20180208,FE1804278,A0474,42000
20180209,FE1807492,A1299,16800
20180209,FE1800612,A0633,12600
20180212,FE1800130,A0629,42000
20180215,FE1808489,A0758,21000
20180215,FE1806061,A1255,35000
20180216,FE1802635,A1271,35000
20180219,FE1809360,A0754,21000
20180220,FE1808113,A1343,16800
20180222,FE1803286,A0781,21000
20180223,FE1806513,A1135,12600
20180226,FE1808310,A0824,35000
20180227,FE1806750,A0352,21000
20180315,MA1805596,A0462,12600
20180316,MA1802428,A1047,21000
20180319,MA1806572,A0547,35000
20180319,MA1800974,A0771,16800
20180322,MA1803815,A0773,35000
20180322,MA1807706,A0357,35000
20180327,MA1802412,A0565,35000
20180329,MA1802883,A1130,12600
20180329,MA1805713,A1225,16800
20180402,AP1805509,A0890,35000
20180403,AP1808565,A1221,12600
20180404,AP1804645,A0679,12600
20180405,AP1802108,A1050,42000
20180410,AP1808243,A0843,21000
20180411,AP1801769,A1369,21000
20180412,AP1801938,A0395,12600
20180412,AP1804141,A0432,12600
20180424,AP1806036,A0459,16800
20180426,AP1805710,A0742,16800
20180509,MA1804329,A0547,21000
20180511,MA1806176,A0933,16800
20180511,MA1805519,A0927,35000
20180518,MA1805872,A1388,42000
20180522,MA1807526,A0372,35000
20180522,MA1807438,A0462,35000
20180523,MA1801336,A1359,12600
20180529,MA1805396,A1116,35000
20180531,MA1801102,A0927,16800
20180604,JU1806335,A0529,12600
20180608,JU1805159,A1255,35000
20180613,JU1802487,A0897,12600
20180614,JU1803535,A1027,21000
20180614,JU1803314,A0720,35000
20180615,JU1806531,A1260,12600
20180618,JU1804059,A0934,35000
20180619,JU1803330,A0610,35000
20180621,JU1804151,A0862,42000
20180621,JU1808700,A1360,16800
20180625,JU1803245,A1047,16800
20180625,JU1803582,A0900,21000
20180628,JU1801999,A1348,42000
20180629,JU1800146,A0764,21000
20180702,JU1805263,A0643,12600
20180702,JU1800809,A0949,1400
20180703,JU1806575,A1181,1400
20180704,JU1806723,A1163,21000
20180704,JU1805027,A1100,3500
20180705,JU1806447,A0762,1750
20180705,JU1807215,A0905,700
20180705,JU1801363,A0961,350
20180706,JU1804277,A1161,1400
20180709,JU1805243,A1416,1400
20180710,JU1801643,A0952,350
20180710,JU1809147,A1161,1750
20180710,JU1809068,A0587,3500
20180711,JU1801373,A1216,16800
20180711,JU1803881,A0566,1750
20180712,JU1801854,A1093,1400
20180712,JU1804889,A0641,12600
20180713,JU1801984,A0945,1400
20180716,JU1801551,A1282,1400
20180717,JU1808512,A1110,3500
20180717,JU1808104,A1214,12600
20180717,JU1806374,A1132,700
20180718,JU1806477,A1362,1750
20180719,JU1807547,A1038,1400
20180719,JU1801045,A0945,3500
20180719,JU1807789,A1153,1400
20180720,JU1805993,A0534,1400
20180723,JU1800346,A0815,1400
20180723,JU1807951,A0458,700
20180723,JU1800470,A0731,35000
20180724,JU1802899,A0887,2800
20180724,JU1802858,A1009,700
20180725,JU1802519,A0893,3500
20180725,JU1805293,A1302,1400
20180725,JU1809002,A0869,2800
20180726,JU1802728,A1104,2800
20180726,JU1801646,A0852,350
20180726,JU1802370,A0994,1750
20180726,JU1808446,A1316,2800
20180726,JU1808868,A0423,2800
20180727,JU1807311,A0630,1750
20180727,JU1805496,A0368,3500
20180727,JU1807468,A1149,1400
20180727,JU1803892,A0357,1400
20180731,JU1802145,A1183,12600
20180731,JU1802729,A0988,35000
20180801,AU1808138,A0375,12600
20180803,AU1804094,A1193,1400
20180803,AU1807417,A1290,21000
20180808,AU1805744,A1193,16800
20180810,AU1802897,A1064,21000
20180820,AU1808319,A0887,16800
20180821,AU1808658,A0965,21000
20180822,AU1809049,A0713,35000
20180823,AU1800599,A1353,21000
20180827,AU1801648,A0574,16800
20180830,AU1806386,A0970,35000
20180830,AU1802625,A1297,12600
20180903,SE1801930,A1413,16800
20180903,SE1801960,A0987,12600
20180907,SE1803564,A1062,42000
20180911,SE1809125,A1409,12600
20180913,SE1800135,A0891,16800
20180920,SE1804129,A1187,21000
20180924,SE1807886,A0504,12600
20180926,SE1802739,A0830,12600
20181002,OC1806369,A1387,12600
20181003,OC1806838,A0892,21000
20181008,OC1800780,A0373,16800
20181009,OC1808635,A1120,35000
20181010,OC1808377,A0548,12600
20181012,OC1800047,A0474,21000
20181022,OC1804361,A1151,42000
20181025,OC1809195,A1182,35000
20181101,NO1801036,A0992,16800
20181101,NO1805885,A1054,12600
20181105,NO1808955,A0824,21000
20181108,NO1805262,A0632,35000
20181108,NO1804643,A1030,35000
20181109,NO1801303,A0881,16800
20181115,NO1807539,A0548,12600
20181128,NO1801687,A1152,42000
20181128,NO1803952,A0937,12600
20181129,NO1805499,A0798,21000
20181129,NO1800702,A0641,42000
20181129,NO1809289,A0632,35000
20181130,NO1804581,A0943,21000
20181205,DE1807410,A1319,35000
20181206,DE1807533,A0403,12600
20181210,DE1802716,A1307,12600
20181212,DE1804986,A0945,12600
20181213,DE1808434,A0695,42000
20181218,DE1801087,A0585,21000
20190101,JA1906080,A0774,35000
20180228,FE1800322,A1163,1400
20180228,FE1809123,A0576,1400
20180301,MA1804808,A1407,3500
20180302,MA1808140,A0774,3500
20180302,MA1804343,A1161,1400
20180305,MA1808233,A0933,1400
20180305,MA1807625,A1337,3500
20180306,MA1808865,A0610,3500
20180306,MA1801437,A0761,1750
20180307,MA1809143,A1110,3500
20180307,MA1805041,A0576,700
20180307,MA1809225,A1064,1750
20180308,MA1807429,A0704,2800
20180308,MA1802517,A0461,1750
20180308,MA1804618,A1175,700
20180309,MA1801280,A1188,700
20180309,MA1800517,A0548,2800
20180309,MA1802821,A0557,1750
20180312,MA1800139,A0744,1750
20180312,MA1800471,A1169,700
20180314,MA1809243,A1341,350
20180314,MA1801340,A0567,1750
20180315,MA1803267,A1071,1400
20180315,MA1804051,A0765,2800
20180316,MA1807486,A0592,1400
20180316,MA1808764,A0993,2800
20180319,MA1801819,A1009,3500
20180320,MA1801086,A0607,1400
20180321,MA1803222,A0702,3500
20180321,MA1801293,A0783,3500
20180321,MA1800066,A0377,2800
20180321,MA1801787,A1120,1400
20180322,MA1802661,A0426,1400
20180322,MA1802857,A1402,1750
20180322,MA1805547,A0910,1750
20180322,MA1803694,A1256,350
20180322,MA1804100,A0967,2800
20180322,MA1809381,A1068,2800
20180323,MA1802789,A0686,350
20180327,MA1802005,A0761,1750
20180328,MA1808554,A1225,2800
20180328,MA1803568,A1073,2800
20180329,MA1809246,A0582,1400
20180329,MA1803764,A0927,700
20181001,OC1804910,A1316,1750
20181002,OC1801997,A1382,2800
20181002,OC1803302,A1419,350
20181002,OC1803238,A0557,1400
20181003,OC1808209,A0747,350
20181003,OC1803142,A0934,1400
20181003,OC1804405,A0659,1400
20181004,OC1806436,A1101,1400
20181005,OC1808692,A0863,1400
20181005,OC1802231,A1274,1750
20181009,OC1802594,A0817,3500
20181009,OC1805328,A1236,700
20181010,OC1805493,A1323,1400
20181011,OC1801979,A0637,3500
20181011,OC1808203,A0830,1400
20181012,OC1808160,A0531,1750
20181012,OC1807426,A0942,2800
20181012,OC1809055,A1208,2800
20181012,OC1801276,A1130,1750
20181012,OC1806282,A1055,1400
20181016,OC1806647,A0747,350
20181016,OC1801535,A0641,350
20181017,OC1806700,A0996,1750
20181018,OC1802074,A1178,2800
20181018,OC1804363,A1237,2800
20181019,OC1800971,A0357,3500
20181022,OC1806854,A1161,3500
20181022,OC1808493,A1068,2800
20181022,OC1802801,A0419,1400
20181023,OC1806721,A1403,2800
20181024,OC1807163,A0964,1400
20181024,OC1800949,A0744,1400
20181024,OC1801534,A1067,350
20181024,OC1808544,A0578,2800
20181025,OC1803145,A1187,2800
20181026,OC1806716,A0798,1750
20181026,OC1802751,A1095,2800
20181029,OC1804498,A1232,2800
20181029,OC1801469,A1332,3500
20181029,OC1804002,A0587,1750
20181029,OC1801027,A0744,3500
20181030,OC1809128,A0522,3500
20181031,OC1808419,A0643,1750
20181102,NO1804621,A1221,1750
20180102,JA1804344,A0562,3500
20180103,JA1800369,A0424,1400
20180103,JA1806147,A0808,3500
20180103,JA1803888,A0542,350
20180104,JA1805184,A0690,700
20180105,JA1802778,A0424,1750
20180105,JA1805688,A0470,700
20180108,JA1805915,A1311,1400
20180109,JA1804477,A0473,3500
20180110,JA1807257,A0438,1400
20180110,JA1804762,A1068,1750
20180110,JA1803005,A0952,1750
20180111,JA1806829,A1073,3500
20180112,JA1804189,A1076,1750
20180115,JA1806098,A1226,2800
20180116,JA1808396,A0807,1400
20180116,JA1807616,A0716,1400
20180116,JA1804234,A0754,1400
20180117,JA1807794,A1215,1400
20180122,JA1803394,A0655,1400
20180122,JA1808994,A1232,2800
20180123,JA1803636,A0513,1400
20180123,JA1809271,A0906,2800
20180123,JA1802631,A1116,2800
20180124,JA1801487,A0802,1400
20180124,JA1803627,A0452,3500
20180125,JA1800214,A1202,700
20180129,JA1808625,A1382,1750
20180129,JA1802438,A0869,1750
20180130,JA1802381,A1120,2800
20180131,JA1801557,A1009,2800
20180201,FE1807978,A0992,1400
20180202,FE1801294,A1137,3500
20180202,FE1802723,A0937,3500
20180202,FE1800040,A1232,1750
20180206,FE1803158,A1191,2800
20180206,FE1804497,A1089,2800
20180206,FE1800217,A1178,3500
20180207,FE1800204,A0379,350
20180207,FE1801843,A1169,1400
20180207,FE1800177,A0548,1400
20180207,FE1808001,A0542,2800
20180207,FE1802532,A1128,2800
20180208,FE1800076,A1178,1750
20180208,FE1803698,A0419,1400
20180208,FE1801695,A1358,1400
20180208,FE1800991,A0994,3500
20180209,FE1807145,A0495,3500
20180212,FE1801640,A0990,1400
20180213,FE1802334,A0716,3500
20180213,FE1803906,A0354,2800
20180213,FE1802086,A0422,1750
20180214,FE1806977,A0534,3500
20180215,FE1807180,A0943,1750
20180215,FE1802102,A0945,3500
20180215,FE1807610,A0963,2800
20180216,FE1801872,A0372,1750
20180219,FE1806094,A0363,1750
20180219,FE1802860,A0962,2800
20180220,FE1801945,A0641,350
20180220,FE1802409,A0833,2800
20180222,FE1805016,A0531,1400
20180222,FE1805122,A0632,1750
20180223,FE1807757,A0569,700
20180223,FE1808130,A1062,1750
20180223,FE1804930,A0578,1400
20180223,FE1800777,A0463,1400
20180223,FE1800830,A0892,2800
20180226,FE1808387,A0493,350
20180227,FE1803919,A0503,1750
20180227,FE1802281,A0514,1400
20180227,FE1803586,A1188,700
20180228,FE1801931,A1251,3500
20180228,FE1803846,A1371,2800
20180228,FE1805310,A1120,3500
20181030,OC1804066,A0559,1400
20181101,NO1800254,A0603,1400
20181102,NO1808929,A1065,1400
20181102,NO1801119,A0796,1750
20181102,NO1805391,A1285,1400
20181105,NO1801158,A1197,350
20181106,NO1808467,A0953,1400
20181106,NO1803935,A1343,1750
20181106,NO1808845,A0703,2800
20181106,NO1807065,A1027,1400
20181106,NO1807223,A1406,2800
20181107,NO1802892,A1009,3500
20181107,NO1804738,A0480,1400
20181107,NO1800932,A1214,2800
20181108,NO1802420,A1354,3500
20181108,NO1802526,A1054,1400
20181108,NO1804408,A1133,3500
20181109,NO1808459,A1408,1750
20181109,NO1802986,A0869,1750
20181109,NO1800710,A0655,3500
20181109,NO1805741,A0952,1400
20181112,NO1807848,A1274,1400
20181112,NO1809193,A0690,350
20181112,NO1807977,A0769,1750
20181112,NO1805760,A1236,1750
20181114,NO1806038,A0547,1750
20181115,NO1802992,A0369,1400
20181116,NO1807715,A0802,3500
20181116,NO1802451,A0582,1400
20181119,NO1801913,A0597,1400
20181120,NO1801046,A1014,2800
20181120,NO1802697,A0632,350
20181121,NO1807889,A1337,1400
20181121,NO1806682,A1162,350
20181122,NO1807931,A1313,2800
20181123,NO1808580,A0444,350
20181123,NO1801836,A0977,700
20181123,NO1807713,A0798,1400
20181126,NO1802696,A1381,3500
20181126,NO1809059,A0529,1750
20181126,NO1807354,A0467,1400
20181127,NO1805800,A1279,1400
20181127,NO1806375,A0421,1400
20181127,NO1802786,A1101,3500
20181127,NO1809134,A0935,1750
20181128,NO1808240,A0642,1400
20181128,NO1806325,A0582,1750
20181129,NO1803590,A1142,2800
20181129,NO1806705,A0529,1400
20181129,NO1805515,A0884,2800
20181129,NO1802619,A0415,1750
20181130,NO1800110,A0760,1400
20181203,DE1808274,A0727,1400
20181203,DE1808710,A1271,2800
20181203,DE1802595,A0933,1750
20181204,DE1802536,A1035,1400
20181206,DE1804131,A1239,1750
20181206,DE1806958,A1151,1400
20181207,DE1802865,A1149,1750
20181207,DE1802025,A1092,1750
20181207,DE1800712,A0879,2800
20181207,DE1806155,A0897,1750
20181210,DE1802488,A0903,1400
20181210,DE1804090,A0720,2800
20181210,DE1804396,A0607,1400
20181210,DE1803816,A0949,3500
20181211,DE1806627,A1197,2800
20181211,DE1804391,A1187,1750
20181211,DE1800311,A1216,3500
20181212,DE1806871,A0838,1400
20181212,DE1807488,A0630,2800
20181213,DE1804195,A0916,2800
20181213,DE1807960,A0531,3500
20181214,DE1801474,A0702,3500
20181214,DE1803646,A0892,2800
20181214,DE1808346,A1072,1750
20181214,DE1805653,A0539,1400
20181217,DE1809290,A0945,1400
20181217,DE1803083,A1230,3500
20181217,DE1801176,A1299,1750
20181218,DE1807285,A0993,1750
20181219,DE1801198,A0887,700
20181219,DE1802910,A0688,1750
20181220,DE1801071,A1337,1750
20181220,DE1801981,A0593,1400
20181221,DE1807531,A0603,1750
20181221,DE1801727,A0497,1400
20181224,DE1804468,A0370,700
20181225,DE1806892,A0977,1750
20181225,DE1806753,A0414,3500
20181226,DE1807315,A1279,2800
20181226,DE1804154,A0627,1400
20181226,DE1806362,A0478,700
20181226,DE1806601,A0552,3500
20181227,DE1804301,A0693,1750
20181227,DE1805289,A1181,1400
20181227,DE1805699,A0627,1750
20181228,DE1806857,A0836,3500
20181228,DE1801021,A0853,3500
20181228,DE1805379,A1000,3500
20181228,DE1805650,A1038,1750
20181231,DE1807623,A1297,1750
20181231,DE1803333,A1416,350
20190101,JA1900519,A0707,1750
20190101,JA1909141,A0707,1400
20190101,JA1905334,A1062,1400
20180402,AP1801333,A0688,3500
20180403,AP1806280,A0821,1750
20180403,AP1800366,A1167,3500
20180404,AP1806261,A0893,2800
20180404,AP1801378,A0415,1400
20180404,AP1806675,A0684,3500
20180406,AP1804292,A1212,3500
20180406,AP1803266,A0785,3500
20180409,AP1807982,A1029,1400
20180409,AP1803620,A0557,1400
20180409,AP1807989,A0961,1400
20180410,AP1802176,A0457,700
20180410,AP1806950,A0415,1750
20180411,AP1803205,A0586,1400
20180413,AP1806646,A1271,1400
20180413,AP1802168,A0997,2800
20180416,AP1805775,A0629,1400
20180417,AP1800617,A0773,700
20180417,AP1808672,A1401,3500
20180417,AP1801952,A0946,2800
20180418,AP1800847,A0833,1400
20180418,AP1805292,A0504,3500
20180418,AP1808092,A0893,1750
20180419,AP1803708,A1338,700
20180419,AP1806651,A1038,2800
20180419,AP1803457,A0607,1750
20180420,AP1806333,A1036,1400
20180420,AP1807161,A0834,3500
20180420,AP1809199,A0632,1400
20180423,AP1803338,A0643,1400
20180423,AP1808066,A0372,1400
20180423,AP1806047,A0502,1750
20180423,AP1804619,A1142,1400
20180423,AP1807776,A0670,1400
20180423,AP1806057,A0922,1750
20180423,AP1804732,A1332,1400
20180424,AP1808185,A0399,1750
20180424,AP1804262,A0942,1400
20180424,AP1807704,A1110,3500
20180424,AP1805826,A0457,1750
20180424,AP1801475,A1346,3500
20180425,AP1805089,A0859,1750
20180425,AP1801908,A1195,1400
20180425,AP1803682,A0824,1750
20180426,AP1807515,A0566,2800
20180427,AP1805586,A1349,1750
20180427,AP1802181,A1068,1750
20180430,AP1809160,A1001,2800
20180502,MA1805326,A1002,3500
20180503,MA1804332,A0897,2800
20180503,MA1805333,A0945,1750
20180504,MA1804840,A1385,350
20180507,MA1808828,A1292,1400
20180507,MA1807881,A0835,1400
20180508,MA1802259,A1278,2800
20180509,MA1803355,A0607,1400
20180509,MA1801223,A0800,2800
20180509,MA1801344,A1361,2800
20180509,MA1807060,A0853,3500
20180510,MA1802037,A1046,2800
20180514,MA1804778,A0877,1750
20180514,MA1805269,A0891,2800
20180514,MA1808824,A0559,2800
20180515,MA1806350,A1329,3500
20180515,MA1800401,A0943,3500
20180516,MA1802243,A1230,3500
20180516,MA1804599,A1257,700
20180517,MA1800046,A1149,2800
20180517,MA1803448,A0962,2800
20180517,MA1806642,A0412,3500
20180518,MA1807302,A0945,2800
20180518,MA1800137,A1101,700
20180521,MA1804708,A1203,1400
20180521,MA1809097,A0648,3500
20180521,MA1801976,A0738,3500
20180521,MA1800520,A0686,1750
20180521,MA1807802,A0893,1400
20180523,MA1807277,A0369,3500
20180524,MA1800426,A0548,1750
20180524,MA1806815,A0530,1750
20180524,MA1802621,A0997,1400
20180525,MA1806825,A1388,1400
20180528,MA1802539,A0559,3500
20180528,MA1802402,A1348,700
20180528,MA1807965,A1390,3500
20180529,MA1808324,A0947,1400
20180530,MA1806269,A0471,1400
20180530,MA1801165,A0534,1750
20180530,MA1802763,A1343,700
20180530,MA1803362,A1403,700
20180530,MA1801609,A1236,3500
20180531,MA1801111,A0545,1400
20180531,MA1802493,A0657,2800
20180531,MA1805002,A0738,350
20180531,MA1803291,A0704,1750
20180601,JU1803755,A0947,1750
20180601,JU1807688,A0992,700
20180604,JU1805155,A0808,3500
20180606,JU1800934,A0707,1750
20180607,JU1801758,A0987,1400
20180607,JU1805484,A1265,1750
20180607,JU1803275,A1085,1400
20180608,JU1802346,A0798,3500
20180608,JU1804296,A0421,3500
20180608,JU1802836,A0934,1400
20180608,JU1808986,A0616,3500
20180611,JU1801716,A1366,1400
20180611,JU1802927,A0753,3500
20180611,JU1803571,A0802,700
20180613,JU1803189,A1219,700
20180614,JU1801009,A1071,700
20180614,JU1802825,A0629,1750
20180615,JU1802991,A0357,2800
20180615,JU1805497,A1167,2800
20180615,JU1802041,A1332,1750
20180618,JU1804418,A1095,3500
20180619,JU1802770,A0880,3500
20180619,JU1806372,A1228,1400
20180621,JU1802297,A1212,3500
20180621,JU1802966,A0928,3500
20180622,JU1801322,A1401,1750
20180622,JU1809374,A0561,3500
20180622,JU1802687,A0454,2800
20180622,JU1803404,A1137,350
20180625,JU1807915,A0949,350
20180626,JU1808984,A0582,700
20180626,JU1806479,A1137,1400
20180627,JU1807120,A0350,350
20180627,JU1802562,A1060,2800
20180628,JU1802230,A0629,2800
20180629,JU1803350,A0861,3500
20180629,JU1804198,A0427,3500
20180629,JU1807709,A0795,350
20180801,AU1803880,A1009,1400
20180802,AU1805745,A0963,1400
20180806,AU1809073,A0967,1750
20180806,AU1807421,A1030,3500
20180807,AU1802379,A0785,350
20180808,AU1800318,A1276,3500
20180808,AU1802256,A0881,1400
20180809,AU1803557,A0436,700
20180809,AU1801536,A1360,3500
20180809,AU1802693,A0852,1750
20180813,AU1808995,A1212,1400
20180813,AU1808602,A1055,2800
20180814,AU1800437,A0587,2800
20180814,AU1809235,A1197,2800
20180814,AU1802678,A0997,1400
20180815,AU1808455,A1277,350
20180816,AU1805671,A0373,700
20180816,AU1800096,A0842,1400
20180816,AU1801577,A1255,1400
20180820,AU1807005,A1119,2800
20180820,AU1806703,A0808,3500
20180821,AU1806807,A1314,2800
20180821,AU1807098,A0389,3500
20180821,AU1808127,A0955,3500
20180822,AU1804592,A0991,350
20180822,AU1804139,A0961,1750
20180822,AU1802515,A0513,3500
20180822,AU1803876,A1232,700
20180822,AU1801847,A1101,1750
20180822,AU1803964,A0708,2800
20180822,AU1807036,A1343,2800
20180822,AU1803531,A0883,2800
20180824,AU1805485,A0914,3500
20180824,AU1806768,A1104,1750
20180824,AU1804642,A0946,350
20180827,AU1802232,A0493,1400
20180828,AU1802085,A1184,3500
20180829,AU1802139,A0431,1400
20180829,AU1808420,A0918,3500
20180829,AU1800429,A1153,3500
20180829,AU1803320,A0879,1750
20180829,AU1801924,A0513,1400
20180830,AU1803410,A0886,1400
20180830,AU1802439,A0592,1750
20180831,AU1806464,A1129,2800
20180831,AU1802388,A0506,350
20180831,AU1801309,A0436,3500
20180903,SE1808353,A0923,1400
20180903,SE1806680,A0363,3500
20180903,SE1801113,A1412,1750
20180903,SE1806165,A0709,3500
20180903,SE1807381,A0862,3500
20180904,SE1800396,A0575,1400
20180904,SE1807085,A0951,1750
20180904,SE1807364,A1332,3500
20180904,SE1802793,A1036,1750
20180904,SE1807669,A1036,2800
20180906,SE1808532,A0795,1750
20180906,SE1803632,A0641,1750
20180910,SE1804893,A0878,1750
20180910,SE1805238,A1027,2800
20180911,SE1806050,A1123,1400
20180911,SE1807569,A0457,1750
20180911,SE1804162,A0690,1400
20180911,SE1805423,A1343,1400
20180913,SE1802943,A1035,700
20180913,SE1800043,A1302,2800
20180917,SE1808415,A0871,2800
20180917,SE1807719,A0990,1400
20180919,SE1806766,A1167,3500
20180920,SE1801546,A1228,1750
20180920,SE1801415,A1009,3500
20180921,SE1800844,A0782,1400
20180924,SE1806588,A1003,1400
20180924,SE1802157,A1103,1750
20180925,SE1806931,A0630,1750
20180928,SE1801329,A0605,3500
20181005,OC1804899,A1244,2800
20181005,OC1803728,A0497,3500
20181005,OC1806667,A0724,350
